StudyClientId,StudyEpisodeId,AssessmentYear,AssessmentType,AgeAtAssessment,Q1_1,Q1_2,Q1_3,Q1_4,Q1_5,Q1_6,Q1_7,Q1_8,Q1_Score,Q2_1,Q2_2,Q2_3,Q2_4,Q3_Score,Q3_1,Q3_2,Q3_3,Q3_4,Q3_5,Q3_6,Q3_7,Q3_Score1,RiskLevel,ProfessionalOverride,fldRiskLevelFinalOverride,RiskLevelFinalOverride
745,37,2018,Pre-Assessment,0,0,1,0,1,2,2,0,0,6,1,1,0,0,2,1,0,0,0,1,2,1,5,Moderate,0,,
374,43,2018,Pre-Assessment,0,0,1,0,0,1,1,1,0,4,0,1,0,1,2,2,0,0,0,0,0,0,2,Low,0,,
1169,36,2018,Pre-Assessment,0,0,0,0,0,0,0,0,0,0,0,0,0,1,1,0,0,0,0,0,1,0,1,Low,0,,
792,34,2018,Interim Assessment,0,1,2,0,1,2,1,0,0,7,1,1,0,1,3,0,0,0,0,0,0,0,0,Low,0,,
128,54,2018,Pre-Assessment,0,1,1,0,1,2,2,0,0,7,1,0,1,1,3,0,0,0,0,0,1,0,1,Moderate,0,,
1571,67,2018,Pre-Assessment,0,2,1,0,0,1,2,0,1,7,0,1,0,1,2,0,0,0,0,0,0,0,0,Low,0,,
1075,5,2019,Pre-Assessment,0,0,1,0,1,2,2,1,0,7,1,0,0,1,2,2,1,1,1,1,1,0,7,High,0,,
1583,75,2019,Pre-Assessment,0,2,2,1,0,2,2,1,0,10,1,0,0,1,2,0,0,0,0,0,0,0,0,Moderate,0,,
1589,83,2019,Pre-Assessment,1,1,2,1,0,0,0,1,0,6,1,1,1,1,4,0,0,0,0,0,0,0,0,Moderate,0,,
1593,93,2019,Pre-Assessment,0,2,1,1,0,0,0,1,0,5,1,1,0,1,3,2,0,1,1,1,1,2,8,High,0,,
1196,102,2019,Pre-Assessment,0,2,2,1,0,2,2,1,1,11,1,0,1,1,3,2,0,1,2,1,2,2,10,High,0,,
150,107,2019,Pre-Assessment,0,0,1,0,1,0,2,0,1,5,0,1,0,1,2,2,0,0,0,1,0,0,3,Moderate,0,,
202,91,2019,Pre-Assessment,0,0,0,0,1,1,2,0,0,4,1,0,0,1,2,0,0,0,0,1,1,1,3,Low,0,,
959,18,2019,Pre-Assessment,0,0,0,0,0,0,0,0,0,0,1,0,1,0,2,0,0,0,0,0,0,0,0,Low,0,,
950,6,2019,Pre-Assessment,0,0,0,0,0,0,1,1,0,2,0,0,0,1,1,0,0,0,0,0,0,0,0,Low,0,,
1013,24,2019,Pre-Assessment,0,0,0,0,0,0,0,1,0,1,1,1,0,1,3,0,0,0,0,0,0,0,0,Low,0,,
482,117,2019,Pre-Assessment,0,0,2,1,0,1,2,0,1,7,0,0,0,1,1,1,0,0,1,0,0,0,2,Moderate,0,,
662,21,2019,Pre-Assessment,0,0,0,0,0,0,0,0,0,0,0,0,0,1,1,1,0,0,0,0,0,0,1,Low,0,,
1628,131,2019,Pre-Assessment,0,2,2,1,0,2,2,1,0,10,1,1,0,1,3,1,0,0,0,0,0,0,1,Moderate,0,,
1228,140,2019,Pre-Assessment,0,0,2,1,0,2,2,0,0,7,1,1,1,1,4,1,0,0,0,0,0,0,1,Moderate,0,,
1627,129,2019,Pre-Assessment,0,0,1,0,1,0,0,0,0,2,1,1,0,1,3,0,0,0,1,0,0,0,1,Low,0,,
1644,149,2019,Pre-Assessment,0,2,1,0,1,1,2,1,0,8,0,1,1,0,2,0,0,0,0,0,0,0,0,Moderate,0,,
1638,141,2019,Pre-Assessment,0,2,1,0,0,2,2,1,1,9,1,1,0,1,3,0,0,0,0,0,0,0,0,Moderate,0,,
1656,165,2019,Pre-Assessment,0,0,0,0,1,1,1,1,1,5,1,1,0,1,3,1,0,0,0,1,0,0,2,Moderate,0,,
1346,104,2019,Pre-Assessment,0,1,1,0,0,1,0,1,0,4,1,0,1,1,3,0,0,0,0,0,1,0,1,Low,0,,
98,161,2019,Pre-Assessment,0,2,1,0,1,1,2,1,0,8,1,0,0,1,2,0,0,0,0,0,0,0,0,Moderate,0,,
65,176,2019,Pre-Assessment,0,2,1,0,0,2,2,1,1,9,1,1,0,0,2,1,0,1,0,1,1,1,5,High,0,,
1597,187,2019,Pre-Assessment,0,1,2,1,0,0,0,1,0,5,1,1,0,1,3,0,0,1,0,0,0,0,1,Low,0,,
683,195,2019,Pre-Assessment,0,1,1,0,0,1,1,1,1,6,1,0,0,1,2,0,0,0,0,0,0,0,0,Low,0,,
1675,206,2019,Pre-Assessment,0,1,2,0,0,0,0,0,0,3,1,0,0,0,1,0,0,0,0,0,1,0,1,Low,0,,
1682,222,2019,Pre-Assessment,0,1,2,1,0,1,2,1,0,8,1,1,0,0,2,1,0,0,1,1,2,0,5,Moderate,0,,
1671,203,2019,Pre-Assessment,0,2,1,1,0,1,2,0,0,7,1,1,0,1,3,0,0,0,0,0,1,0,1,Moderate,0,,
1446,214,2019,Pre-Assessment,0,2,2,1,0,1,1,1,1,9,1,1,1,1,4,2,0,0,0,1,2,2,7,High,0,,
865,254,2019,Pre-Assessment,0,1,2,0,0,2,2,1,0,8,1,0,1,1,3,0,0,0,0,0,1,0,1,Moderate,0,,
856,227,2019,Pre-Assessment,0,0,1,0,0,1,2,0,0,4,0,0,1,1,2,0,0,0,0,0,0,0,0,Low,0,,
1673,204,2019,Pre-Assessment,0,2,2,1,0,2,2,1,0,10,0,0,0,1,1,0,0,0,0,0,1,0,1,Moderate,0,,
935,271,2019,Pre-Assessment,0,0,1,0,0,1,2,1,0,5,0,1,1,1,3,0,0,0,0,0,1,0,1,Low,0,,
1706,277,2019,Pre-Assessment,0,1,2,0,0,1,0,1,1,6,1,1,1,1,4,0,0,0,0,0,1,0,1,Moderate,0,,
193,276,2019,Pre-Assessment,0,2,1,0,0,2,2,1,0,8,0,0,0,1,1,1,0,0,1,1,1,0,4,Moderate,0,,
1704,266,2019,Pre-Assessment,0,1,1,0,1,2,2,0,0,7,1,0,0,0,1,1,0,0,1,1,2,0,5,Moderate,0,,
1685,289,2019,Pre-Assessment,0,2,1,1,1,2,2,1,0,10,0,0,0,1,1,1,0,0,0,0,1,0,2,Moderate,0,,
976,298,2019,Pre-Assessment,0,2,2,1,0,2,2,1,0,10,1,1,0,1,3,0,0,0,0,0,0,0,0,Moderate,0,,
1556,297,2019,Pre-Assessment,0,2,1,0,1,1,0,0,0,5,1,1,0,0,2,0,0,0,0,0,0,0,0,Low,0,,
475,268,2019,Pre-Assessment,0,1,2,1,0,2,2,1,1,10,1,0,0,1,2,1,0,0,2,1,0,0,4,High,0,,
447,300,2019,Pre-Assessment,0,2,2,1,0,2,2,1,0,10,1,0,0,1,2,0,0,0,0,0,0,0,0,Moderate,0,,
1599,305,2019,Pre-Assessment,0,1,2,0,0,2,2,1,0,8,1,0,1,1,3,0,0,0,0,0,1,0,1,Moderate,0,,
1741,366,2019,Pre-Assessment,0,0,1,0,1,2,2,1,1,8,0,0,0,1,1,0,0,0,0,0,0,0,0,Low,0,,
267,370,2019,Pre-Assessment,0,2,1,1,0,2,2,0,1,9,1,0,1,1,3,0,0,0,0,0,0,0,0,Moderate,0,,
1744,380,2019,Pre-Assessment,0,0,1,0,0,2,2,0,0,5,1,1,1,0,3,0,0,0,1,0,1,0,2,Moderate,0,,
1413,365,2019,Pre-Assessment,0,2,1,0,0,1,1,1,0,6,1,1,0,0,2,0,0,0,0,0,0,0,0,Low,0,,
664,376,2019,Pre-Assessment,0,0,1,0,0,2,2,0,0,5,0,0,0,1,1,1,0,0,1,0,0,0,2,Low,0,,
1043,395,2019,Pre-Assessment,0,0,1,0,0,1,2,0,0,4,0,0,0,1,1,0,0,0,0,0,0,0,0,Low,0,,
1016,12,2019,Pre-Assessment,0,2,1,0,0,2,2,1,0,8,1,0,0,1,2,2,0,0,0,0,2,1,5,Moderate,0,,
783,360,2019,Pre-Assessment,0,0,1,0,1,1,1,1,0,5,1,1,0,1,3,0,0,0,1,0,0,0,1,Low,0,,
921,398,2019,Pre-Assessment,0,0,1,1,1,1,2,0,0,6,0,0,0,1,1,0,0,0,1,0,0,0,1,Low,0,,
1679,402,2019,Interim Assessment,0,2,1,1,0,2,2,1,0,9,1,0,1,1,3,1,0,1,1,1,1,0,5,High,0,,
1637,387,2019,Pre-Assessment,0,2,2,1,0,1,2,1,0,9,1,1,1,1,4,1,0,0,2,0,2,0,5,High,0,,
432,413,2019,Pre-Assessment,0,0,1,0,1,2,2,0,0,6,0,0,0,1,1,1,0,1,1,1,0,1,5,Moderate,0,,
274,316,2019,Pre-Assessment,0,2,2,0,0,2,2,1,0,9,0,0,0,1,1,1,0,0,0,0,2,0,3,Moderate,0,,
1341,372,2019,Pre-Assessment,0,1,2,1,0,2,2,0,1,9,1,0,1,1,3,0,0,0,0,0,0,0,0,Moderate,0,,
1072,415,2019,Pre-Assessment,0,2,1,0,0,2,2,1,0,8,1,1,1,1,4,1,0,0,0,0,2,0,3,Moderate,0,,
1758,419,2019,Interim Assessment,1,0,1,0,0,2,2,0,1,7,0,1,0,1,2,0,0,0,1,0,0,0,1,Moderate,0,,
1635,400,2019,Pre-Assessment,0,0,0,0,0,2,2,0,0,4,0,1,1,1,3,1,0,1,1,1,0,0,4,Moderate,0,,
1728,368,2019,Interim Assessment,0,0,1,0,0,1,1,1,0,4,0,1,0,0,1,1,0,0,1,0,1,0,3,Low,0,,
1144,352,2019,Pre-Assessment,0,0,1,1,0,2,2,1,0,7,1,0,0,1,2,1,0,1,1,0,0,0,3,Moderate,0,,
1234,357,2019,Pre-Assessment,0,0,0,0,0,0,0,0,0,0,0,0,0,1,1,0,0,0,0,0,0,0,0,Low,0,,
1759,420,2019,Pre-Assessment,0,0,1,0,1,2,2,1,1,8,1,1,1,1,4,2,0,0,0,1,1,1,5,High,0,,
1761,422,2019,Pre-Assessment,0,2,2,0,1,0,0,1,0,6,1,1,1,0,3,0,0,0,0,0,0,0,0,Low,0,,
1231,312,2019,Pre-Assessment,0,0,1,0,0,2,2,1,0,6,0,0,0,1,1,0,0,0,0,0,1,0,1,Low,0,,
1779,458,2019,Pre-Assessment,0,0,1,0,1,2,2,1,0,7,0,0,0,1,1,0,0,0,0,0,1,0,1,Low,0,,
1511,454,2019,Pre-Assessment,0,1,1,0,0,0,1,1,0,4,1,0,0,1,2,0,0,0,1,0,1,0,2,Low,0,,
514,439,2019,Interim Assessment,0,1,1,1,1,2,2,0,1,9,1,1,0,0,2,0,0,1,2,0,0,0,3,Moderate,0,,
469,466,2019,Pre-Assessment,0,2,1,1,0,2,2,1,1,10,1,1,0,0,2,2,0,0,1,1,2,2,8,High,0,,
1061,481,2019,Pre-Assessment,0,2,1,1,0,1,1,0,1,7,1,1,1,1,4,0,0,0,1,0,0,1,2,Moderate,0,,
1783,468,2019,Interim Assessment,1,1,1,0,0,1,2,1,0,7,0,1,0,1,2,0,0,0,0,0,1,0,1,Moderate,0,,
978,353,2019,Pre-Assessment,1,0,1,0,0,1,0,1,0,4,1,1,0,1,3,1,0,1,1,0,1,1,5,Moderate,0,,
1280,414,2019,Pre-Assessment,0,1,2,0,0,0,0,0,0,3,1,0,0,1,2,2,0,0,1,0,1,0,4,Low,0,,
254,465,2019,Pre-Assessment,0,1,1,0,0,2,2,1,0,7,0,0,1,1,2,1,1,0,1,0,0,0,3,Moderate,0,,
1808,534,2019,Interim Assessment,1,2,2,1,1,0,0,0,0,7,1,0,0,1,2,0,0,0,0,0,0,0,0,Low,0,,
1799,518,2019,Pre-Assessment,0,1,2,0,0,1,2,1,0,7,0,0,1,1,2,2,0,0,0,0,1,0,3,Moderate,0,,
879,525,2019,Pre-Assessment,0,1,1,0,0,0,0,0,0,2,1,1,1,1,4,1,0,0,0,0,1,0,2,Low,0,,
1687,230,2019,Pre-Assessment,0,2,2,1,0,2,1,0,0,8,0,0,0,0,0,1,0,0,0,0,0,1,2,Moderate,0,,
416,423,2019,Pre-Assessment,0,1,1,0,0,2,2,1,0,7,0,1,0,1,2,0,0,0,0,0,2,0,2,Moderate,0,,
1117,570,2019,Pre-Assessment,0,1,2,1,0,2,2,1,1,10,1,1,1,1,4,1,0,0,1,0,1,1,4,High,0,,
1346,589,2019,Pre-Assessment,0,1,1,0,0,0,0,0,0,2,1,0,1,1,3,0,0,0,0,0,0,0,0,Low,0,,
1843,608,2019,Pre-Assessment,0,2,2,1,0,0,0,1,0,6,1,1,0,1,3,1,0,0,1,1,0,0,3,Moderate,0,,
1842,605,2019,Pre-Assessment,0,1,2,0,0,1,2,0,0,6,1,0,1,1,3,1,0,1,1,0,1,1,5,Moderate,0,,
1849,624,2019,Pre-Assessment,0,0,0,0,0,0,0,0,0,0,0,0,1,1,2,0,0,0,0,0,1,0,1,Low,0,,
1840,603,2019,Pre-Assessment,0,0,1,0,0,0,0,1,0,2,1,0,0,1,2,1,0,1,1,1,2,2,8,Moderate,0,,
553,616,2019,Interim Assessment,0,0,1,0,1,2,2,0,1,7,0,0,1,1,2,0,0,0,0,0,1,0,1,Moderate,0,,
1418,644,2019,Pre-Assessment,0,2,1,1,0,2,2,1,0,9,0,0,0,1,1,1,0,1,1,1,1,0,5,Moderate,0,,
1233,612,2019,Pre-Assessment,0,0,0,0,0,1,2,0,0,3,1,1,1,1,4,1,0,0,0,0,0,0,1,Low,0,,
824,639,2019,Pre-Assessment,0,0,1,1,0,2,2,0,0,6,0,0,0,1,1,0,0,0,0,0,1,0,1,Low,0,,
1635,661,2019,Pre-Assessment,0,0,0,0,0,2,2,0,0,4,0,1,1,1,3,1,0,1,1,1,0,0,4,Moderate,0,,
791,659,2019,Pre-Assessment,0,0,1,0,1,1,2,0,0,5,1,1,0,0,2,0,0,0,0,0,0,0,0,Low,0,,
1685,670,2019,Pre-Assessment,0,2,1,1,1,2,2,1,0,10,0,0,0,1,1,0,0,0,0,0,1,0,1,Moderate,0,,
316,630,2019,Pre-Assessment,0,2,2,1,0,1,1,1,0,8,1,0,1,1,3,1,0,0,1,1,1,0,4,Moderate,0,,
57,662,2019,Pre-Assessment,0,0,1,0,0,2,2,0,0,5,1,0,1,0,2,1,0,0,0,0,0,1,2,Low,0,,
1871,690,2019,Pre-Assessment,0,1,2,0,0,0,0,1,0,4,1,0,0,1,2,1,0,0,1,1,0,0,3,Low,0,,
1866,669,2019,Pre-Assessment,0,0,2,1,0,1,1,1,0,6,1,0,0,1,2,0,0,0,0,0,1,0,1,Low,0,,
873,8,2019,Pre-Assessment,0,0,0,1,0,2,2,1,0,6,1,0,0,1,2,1,0,0,0,0,1,0,2,Moderate,0,,
1224,641,2019,Pre-Assessment,0,0,2,1,0,1,1,1,0,6,1,0,1,1,3,0,0,0,0,0,1,0,1,Low,0,,
69,628,2019,Pre-Assessment,0,1,2,1,0,2,2,0,0,8,1,1,0,1,3,1,0,0,0,0,2,0,3,Moderate,0,,
831,14,2019,Pre-Assessment,0,1,2,1,0,0,1,1,0,6,1,0,0,1,2,0,0,0,0,0,1,0,1,Low,0,,
1407,621,2019,Pre-Assessment,1,0,0,0,1,2,2,1,0,7,1,1,1,0,3,0,0,0,0,1,1,0,2,Moderate,0,,
1339,710,2020,Pre-Assessment,0,2,2,1,0,2,2,1,1,11,1,1,0,1,3,2,0,0,1,1,1,1,6,High,0,,
1881,719,2020,Pre-Assessment,0,0,1,0,1,0,1,0,0,3,1,0,0,1,2,2,0,0,0,0,0,0,2,Low,0,,
1882,720,2020,Pre-Assessment,0,2,2,1,0,2,2,1,1,11,0,0,0,1,1,0,0,0,0,1,0,0,1,Moderate,0,,
1884,724,2020,Pre-Assessment,0,2,1,0,0,0,0,1,0,4,1,0,0,0,1,1,0,0,0,0,0,0,1,Low,0,,
662,705,2020,Pre-Assessment,0,0,0,0,0,0,0,0,0,0,0,1,1,1,3,2,1,0,0,1,1,0,5,Override,1,2,High
698,704,2020,Pre-Assessment,0,1,1,0,0,1,2,0,0,5,0,1,0,1,2,1,0,0,0,0,0,0,1,Low,0,,
1889,729,2020,Pre-Assessment,0,0,0,0,1,1,2,1,0,5,0,0,0,0,0,1,0,0,1,0,0,0,2,Low,0,,
405,709,2019,Pre-Assessment,0,1,2,1,0,2,2,1,1,10,1,1,0,1,3,1,0,0,1,0,1,0,3,High,0,,
156,749,2020,Pre-Assessment,0,2,2,0,0,2,2,1,1,10,1,0,0,1,2,2,1,0,1,1,2,1,8,High,0,,
96,752,2020,Pre-Assessment,0,2,2,1,1,2,2,1,0,11,1,0,0,0,1,1,0,0,0,0,1,0,2,Moderate,0,,
397,761,2020,Pre-Assessment,0,1,2,0,0,2,2,1,0,8,1,0,0,1,2,1,0,0,1,0,0,1,3,Moderate,0,,
1888,728,2020,Pre-Assessment,0,2,2,0,0,2,2,1,0,9,1,0,0,1,2,0,0,0,0,0,1,0,1,Moderate,0,,
1264,713,2020,Pre-Assessment,0,1,2,1,0,2,2,1,1,10,1,1,0,1,3,1,0,0,0,0,0,0,1,Moderate,0,,
633,775,2020,Pre-Assessment,0,2,2,1,1,2,2,0,1,11,1,0,0,1,2,2,0,0,0,0,1,0,3,High,0,,
1891,732,2020,Pre-Assessment,0,1,2,1,0,2,1,0,0,7,0,0,0,1,1,0,0,0,0,0,0,0,0,Low,0,,
1883,723,2020,Pre-Assessment,1,1,1,0,0,0,0,1,0,4,1,0,1,1,3,1,0,0,1,1,1,1,5,Moderate,0,,
1520,784,2020,Pre-Assessment,0,0,1,0,0,2,2,1,0,6,1,1,0,1,3,0,0,0,1,0,1,0,2,Moderate,0,,
1903,769,2020,Pre-Assessment,0,0,1,0,0,2,2,0,0,5,1,1,0,1,3,1,0,0,1,1,1,0,4,Moderate,0,,
1754,765,2020,Pre-Assessment,0,1,1,1,0,1,0,1,0,5,1,1,0,1,3,0,0,0,0,0,2,0,2,Moderate,0,,
1914,782,2020,Interim Assessment,1,2,2,1,1,2,2,1,1,13,0,1,1,1,3,0,1,0,1,1,0,0,3,High,0,,
397,794,2020,Pre-Assessment,0,2,2,0,0,2,2,1,1,10,1,1,1,1,4,2,0,0,0,1,1,2,6,High,0,,
1927,804,2020,Pre-Assessment,0,2,2,1,0,0,0,1,0,6,1,0,0,0,1,1,0,0,1,1,1,1,5,Moderate,0,,
428,813,2020,Pre-Assessment,0,2,2,1,1,2,2,0,1,11,0,1,0,1,2,2,0,1,0,0,0,1,4,High,0,,
1184,793,2020,Pre-Assessment,0,2,1,1,0,2,2,1,1,10,1,1,0,1,3,1,0,1,2,1,1,0,6,High,0,,
1918,788,2020,Pre-Assessment,0,1,1,1,0,2,2,1,0,8,1,1,0,0,2,1,0,0,1,1,0,0,3,Moderate,0,,
1941,829,2020,Pre-Assessment,0,1,1,1,1,2,2,0,0,8,0,0,0,1,1,2,0,0,1,1,1,1,6,Moderate,0,,
683,861,2020,Pre-Assessment,0,1,2,0,0,2,2,1,0,8,0,1,1,1,3,0,0,0,1,0,0,0,1,Moderate,0,,
451,872,2020,Pre-Assessment,0,1,1,0,0,2,2,1,0,7,0,1,0,1,2,1,0,0,0,1,0,0,2,Moderate,0,,
591,839,2020,Pre-Assessment,0,1,2,1,0,2,2,1,0,9,1,0,1,1,3,1,1,0,1,1,0,1,5,High,0,,
82,772,2020,Interim Assessment,0,0,1,0,0,1,2,0,0,4,1,0,0,1,2,0,0,0,0,0,1,0,1,Low,0,,
1954,863,2020,Pre-Assessment,0,1,1,0,1,1,2,1,0,7,1,1,1,1,4,1,0,0,1,1,1,2,6,High,0,,
1097,871,2020,Pre-Assessment,0,2,2,0,0,1,1,1,0,7,1,0,1,1,3,1,0,1,1,1,1,1,6,High,0,,
1026,846,2020,Pre-Assessment,0,0,1,1,0,0,0,0,0,2,1,1,0,1,3,0,0,0,0,0,1,0,1,Low,0,,
1275,22,2020,Pre-Assessment,0,1,2,1,0,0,0,1,1,6,0,0,0,0,0,0,0,0,0,0,0,0,0,Low,0,,
418,917,2020,Pre-Assessment,0,1,1,0,0,2,2,1,0,7,1,0,0,1,2,0,0,0,0,0,1,0,1,Moderate,0,,
1249,909,2020,Pre-Assessment,0,0,1,1,0,2,2,0,1,7,1,1,1,1,4,1,0,1,1,0,2,0,5,High,0,,
145,904,2020,Pre-Assessment,0,0,1,0,1,1,2,0,0,5,0,1,1,1,3,0,0,0,0,0,0,0,0,Low,0,,
1986,923,2020,Pre-Assessment,0,1,1,0,0,2,2,1,0,7,1,1,0,1,3,1,0,0,2,1,2,2,8,High,0,,
1935,819,2020,Pre-Assessment,1,0,0,0,0,0,0,0,0,1,1,1,1,1,4,0,0,0,0,0,0,0,0,Low,0,,
1940,825,2020,Pre-Assessment,1,2,1,0,0,2,2,0,1,9,1,0,0,1,2,0,0,0,0,0,0,0,0,Moderate,0,,
1993,939,2020,Pre-Assessment,0,2,2,1,0,1,2,1,0,9,1,1,0,1,3,0,0,0,0,0,0,0,0,Moderate,0,,
1164,824,2020,Pre-Assessment,0,0,0,0,1,1,2,0,1,5,0,0,0,1,1,0,0,0,2,0,1,0,3,Low,0,,
1988,930,2020,Pre-Assessment,0,2,1,0,1,2,2,1,0,9,1,0,1,1,3,2,0,0,1,1,0,0,4,High,0,,
1302,916,2020,Pre-Assessment,1,0,0,0,1,2,2,1,0,7,1,0,0,0,1,0,0,0,0,0,0,0,0,Low,0,,
1994,941,2020,Pre-Assessment,0,2,1,0,0,2,2,1,0,8,0,1,0,1,2,1,0,0,0,1,2,0,4,Moderate,0,,
1912,954,2020,Pre-Assessment,0,2,1,0,1,2,2,1,0,9,1,0,1,1,3,1,0,0,0,0,0,0,1,Moderate,0,,
193,937,2020,Pre-Assessment,0,0,1,0,1,2,2,1,0,7,0,1,0,1,2,1,1,0,1,1,2,0,6,Moderate,0,,
1975,967,2020,Pre-Assessment,0,2,2,1,0,2,2,1,0,10,1,1,1,1,4,1,0,0,1,0,0,1,3,High,0,,
995,114,2020,Pre-Assessment,0,0,0,0,0,0,0,1,0,1,1,0,0,1,2,1,0,1,1,1,1,1,6,Low,0,,
1852,962,2020,Pre-Assessment,0,2,2,1,0,2,2,1,1,11,1,1,0,1,3,1,0,0,0,0,1,0,2,High,0,,
1283,976,2020,Pre-Assessment,0,0,0,0,0,0,0,0,0,0,0,1,1,1,3,1,0,0,0,1,0,0,2,Low,0,,
199,1001,2020,Pre-Assessment,0,2,2,1,0,0,2,1,0,8,0,0,0,1,1,1,0,0,0,0,0,0,1,Moderate,0,,
2005,984,2020,Pre-Assessment,0,0,1,0,0,0,0,0,0,1,0,0,0,1,1,1,0,0,0,1,0,0,2,Low,0,,
1008,1018,2020,Pre-Assessment,0,2,1,0,1,2,2,1,0,9,0,1,0,1,2,0,0,0,1,0,0,0,1,Moderate,0,,
2029,1027,2020,Pre-Assessment,0,0,0,0,1,1,1,0,0,3,0,0,0,1,1,1,0,0,0,0,0,0,1,Low,0,,
449,1031,2020,Pre-Assessment,0,2,1,0,0,2,2,1,0,8,1,0,0,1,2,0,0,0,0,0,0,0,0,Moderate,0,,
1206,1002,2020,Pre-Assessment,0,0,1,0,0,1,1,0,0,3,0,0,0,1,1,1,0,0,1,1,0,1,4,Low,0,,
299,1004,2020,Pre-Assessment,0,2,1,0,0,2,2,0,1,8,0,0,0,1,1,1,0,0,0,0,1,2,4,Moderate,0,,
2031,1034,2020,Pre-Assessment,0,1,1,1,1,1,2,1,0,8,1,0,0,1,2,0,0,0,1,0,2,2,5,Moderate,0,,
2034,1043,2020,Pre-Assessment,0,1,1,0,0,2,2,1,0,7,1,0,0,1,2,0,0,0,0,0,0,0,0,Low,0,,
2023,1020,2020,Pre-Assessment,0,1,1,0,0,1,2,1,0,6,0,1,0,1,2,0,0,0,0,0,0,0,0,Low,0,,
2016,1035,2020,Pre-Assessment,0,1,1,0,0,2,2,1,1,8,1,1,1,1,4,2,0,0,1,1,1,0,5,High,0,,
2030,1033,2020,Pre-Assessment,0,2,1,0,0,2,2,0,0,7,1,1,0,1,3,2,0,0,2,1,1,1,7,High,0,,
2041,1053,2020,Pre-Assessment,0,1,1,0,0,1,1,0,0,4,1,1,0,1,3,0,0,0,1,0,0,2,3,Moderate,0,,
900,1067,2020,Pre-Assessment,0,0,2,1,1,1,2,1,0,8,1,1,1,1,4,2,0,1,1,0,0,1,5,High,0,,
2007,986,2020,Pre-Assessment,0,1,2,1,0,2,2,1,0,9,0,1,1,1,3,2,0,0,2,1,2,1,8,High,0,,
2056,1083,2020,Pre-Assessment,1,2,2,1,0,1,2,1,0,10,1,1,0,1,3,2,0,0,2,1,2,1,8,High,0,,
2050,1071,2020,Pre-Assessment,0,1,1,0,0,2,2,1,0,7,1,1,1,1,4,2,0,0,1,0,2,2,7,High,0,,
2046,1064,2020,Pre-Assessment,0,1,1,0,0,2,2,0,0,6,1,1,0,1,3,0,0,0,1,0,0,0,1,Moderate,0,,
2052,1076,2020,Pre-Assessment,0,1,1,0,0,1,2,1,0,6,1,0,1,1,3,0,0,0,0,0,0,0,0,Low,0,,
197,1060,2020,Pre-Assessment,0,0,2,1,1,2,2,1,0,9,0,1,1,1,3,1,0,0,0,0,0,0,1,Moderate,0,,
1298,1088,2020,Pre-Assessment,0,0,1,0,0,2,1,0,0,4,1,0,1,1,3,1,0,0,0,0,1,0,2,Low,0,,
2054,1081,2020,Pre-Assessment,0,0,2,1,1,1,2,0,0,7,0,0,0,1,1,1,0,0,0,0,1,0,2,Moderate,0,,
1123,26,2020,Pre-Assessment,0,1,1,0,0,1,1,0,0,4,1,1,0,1,3,0,0,0,1,0,1,0,2,Low,0,,
241,1102,2020,Pre-Assessment,0,0,1,0,0,0,0,1,0,2,0,0,0,1,1,0,0,0,0,0,0,0,0,Low,0,,
304,922,2020,Pre-Assessment,0,1,2,0,0,2,2,1,0,8,1,1,0,1,3,1,0,0,0,0,1,0,2,Moderate,0,,
2068,1111,2020,Pre-Assessment,0,1,2,0,0,2,2,0,0,7,1,1,0,1,3,0,0,0,0,0,0,0,0,Moderate,0,,
140,933,2020,Pre-Assessment,0,1,1,0,0,2,2,0,0,6,0,1,0,1,2,1,0,0,0,0,2,1,4,Moderate,0,,
2060,1093,2020,Pre-Assessment,0,1,1,1,0,2,2,1,0,8,0,0,0,1,1,2,0,0,0,0,0,0,2,Moderate,0,,
249,1057,2020,Pre-Assessment,0,1,2,0,0,0,1,0,0,4,1,1,1,1,4,0,0,0,0,0,0,0,0,Low,0,,
933,1106,2020,Pre-Assessment,0,2,1,1,0,2,2,1,1,10,0,1,1,0,2,1,0,0,1,1,2,0,5,High,0,,
2066,1108,2020,Pre-Assessment,0,1,1,1,1,1,1,1,0,7,1,1,1,1,4,1,0,1,2,1,1,1,7,High,0,,
2073,1122,2020,Pre-Assessment,0,0,1,0,0,0,0,0,0,1,0,0,0,1,1,0,0,0,0,0,1,0,1,Low,0,,
736,990,2020,Pre-Assessment,0,2,1,0,1,2,2,1,0,9,1,1,1,1,4,1,0,0,1,1,2,0,5,High,0,,
368,1127,2020,Pre-Assessment,0,1,1,0,1,1,2,0,1,7,1,1,1,1,4,0,0,0,1,1,0,2,4,Moderate,0,,
859,17,2020,Pre-Assessment,0,1,2,0,0,2,2,0,0,7,0,1,0,1,2,1,0,0,0,0,1,0,2,Moderate,0,,
186,16,2020,Pre-Assessment,0,2,1,0,0,2,2,0,0,7,1,1,0,1,3,0,0,0,1,0,2,0,3,Moderate,0,,
2081,1139,2020,Pre-Assessment,0,0,1,0,0,1,1,0,0,3,0,1,0,1,2,0,0,1,2,0,2,0,5,Moderate,0,,
425,1098,2020,Pre-Assessment,0,1,2,0,0,2,2,0,0,7,0,0,0,1,1,0,0,0,0,0,0,0,0,Low,0,,
2090,1150,2020,Pre-Assessment,0,0,1,0,0,1,1,1,0,4,1,0,1,1,3,2,0,0,1,1,2,2,8,Moderate,0,,
1058,1146,2020,Pre-Assessment,0,0,1,0,0,1,1,1,0,4,1,1,1,1,4,1,0,1,0,0,1,0,3,Moderate,0,,
1305,1072,2020,Pre-Assessment,0,0,0,0,0,0,0,0,0,0,0,0,0,1,1,0,0,0,0,0,1,0,1,Low,0,,
482,1168,2020,Pre-Assessment,0,0,2,1,0,1,2,0,1,7,0,0,0,1,1,1,0,0,1,0,0,0,2,Moderate,0,,
239,1170,2020,Pre-Assessment,0,1,1,0,0,1,2,0,0,5,1,0,0,1,2,0,0,0,0,0,1,0,1,Low,0,,
2099,1176,2020,Pre-Assessment,0,2,1,1,0,2,2,0,1,9,1,1,1,1,4,0,0,0,0,0,1,0,1,Moderate,0,,
2101,1188,2020,Pre-Assessment,0,0,1,0,0,2,2,1,0,6,0,1,0,1,2,1,0,0,1,0,0,0,2,Moderate,0,,
1279,1194,2020,Pre-Assessment,0,1,0,0,0,2,2,1,0,6,1,0,0,1,2,1,0,0,2,0,1,0,4,Moderate,0,,
157,1191,2020,Pre-Assessment,0,0,1,0,0,1,2,1,0,5,0,1,0,0,1,0,0,0,1,0,2,0,3,Low,0,,
1505,1185,2020,Pre-Assessment,1,0,1,1,0,2,2,1,0,8,0,0,1,1,2,0,0,0,0,0,0,0,0,Low,0,,
693,1190,2020,Pre-Assessment,0,0,0,0,0,1,2,0,0,3,0,1,0,1,2,1,0,0,1,1,0,0,3,Low,0,,
339,1158,2020,Pre-Assessment,0,2,2,0,0,2,2,1,0,9,1,0,1,1,3,1,0,0,1,0,0,0,2,Moderate,0,,
2102,1193,2020,Pre-Assessment,0,1,2,1,0,2,2,1,0,9,1,1,0,1,3,0,0,0,0,0,2,1,3,Moderate,0,,
2110,1225,2020,Pre-Assessment,0,0,1,0,0,2,1,0,0,4,0,0,0,1,1,0,0,0,0,0,0,0,0,Low,0,,
346,1226,2020,Pre-Assessment,0,1,2,1,0,1,2,1,1,9,1,1,0,1,3,1,0,0,0,0,2,1,4,High,0,,
1069,1213,2020,Pre-Assessment,0,0,1,0,0,2,1,0,1,5,1,1,0,1,3,2,0,0,1,0,1,0,4,Moderate,0,,
2107,1218,2020,Pre-Assessment,0,0,2,1,1,1,2,1,0,8,1,0,0,1,2,1,0,0,0,0,0,0,1,Moderate,0,,
457,1215,2020,Pre-Assessment,0,0,1,0,1,2,2,0,0,6,0,0,0,1,1,0,0,0,0,0,2,1,3,Moderate,0,,
1288,1181,2020,Pre-Assessment,0,2,1,0,1,2,2,0,0,8,1,0,0,1,2,1,0,0,0,0,0,0,1,Moderate,0,,
809,1253,2020,Pre-Assessment,0,0,0,0,0,1,0,1,0,2,1,0,0,1,2,0,0,0,0,0,0,0,0,Low,0,,
707,1206,2020,Pre-Assessment,0,0,0,0,0,1,1,0,0,2,0,0,0,1,1,0,0,0,0,0,0,0,0,Low,0,,
917,1255,2020,Pre-Assessment,0,1,1,0,0,2,2,0,1,7,1,1,0,1,3,2,0,0,1,1,0,0,4,Moderate,0,,
1181,1216,2020,Pre-Assessment,0,1,2,0,0,2,2,0,1,8,0,0,1,1,2,0,0,1,2,0,1,2,6,High,0,,
2123,1260,2020,Pre-Assessment,0,2,2,0,0,2,2,1,1,10,1,1,0,0,2,2,0,0,1,0,1,1,5,High,0,,
2035,1231,2020,Pre-Assessment,0,1,1,0,0,2,2,1,0,7,1,0,1,1,3,1,0,0,1,0,1,0,3,Moderate,0,,
2129,1278,2020,Pre-Assessment,0,1,2,1,0,2,2,1,0,9,1,0,0,1,2,1,0,0,0,0,0,0,1,Moderate,0,,
2015,1235,2020,Pre-Assessment,1,2,2,1,1,2,2,1,1,13,0,1,0,1,2,2,0,1,1,1,1,0,6,High,0,,
1807,1291,2020,Interim Assessment,0,0,0,0,0,0,0,1,0,1,1,1,1,1,4,0,0,0,0,0,2,0,2,Low,0,,
593,1308,2020,Pre-Assessment,0,1,2,0,0,1,1,1,0,6,1,1,1,1,4,1,0,0,0,0,0,1,2,Moderate,0,,
138,1301,2020,Pre-Assessment,0,0,1,1,0,2,2,1,0,7,1,0,0,1,2,1,0,0,0,0,0,0,1,Moderate,0,,
2133,1287,2020,Pre-Assessment,1,2,2,1,0,0,1,0,0,7,1,1,0,1,3,1,0,0,2,1,0,2,6,High,0,,
2138,1296,2020,Pre-Assessment,0,1,2,0,0,2,1,1,0,7,1,1,0,1,3,1,0,1,1,0,1,0,4,Moderate,0,,
644,1297,2020,Pre-Assessment,0,2,1,1,0,1,2,1,0,8,1,1,0,1,3,1,0,0,1,0,1,1,4,Moderate,0,,
1080,1258,2020,Pre-Assessment,1,2,1,0,0,2,2,0,0,8,0,0,0,1,1,1,0,0,1,1,2,1,6,Moderate,0,,
2139,1298,2020,Pre-Assessment,0,0,0,0,0,1,2,0,0,3,0,0,0,1,1,0,0,0,0,1,0,0,1,Low,0,,
2147,1311,2020,Pre-Assessment,0,1,2,1,0,2,2,1,0,9,1,1,0,1,3,1,0,0,1,1,0,0,3,Moderate,0,,
2163,1338,2020,Pre-Assessment,0,0,2,0,0,2,2,1,0,7,1,1,1,1,4,1,0,1,1,0,2,1,6,High,0,,
1970,1285,2020,Pre-Assessment,0,0,1,0,0,2,2,1,1,7,1,0,0,1,2,0,0,0,0,0,2,0,2,Moderate,0,,
37,1295,2020,Pre-Assessment,0,1,2,1,0,2,2,1,0,9,1,0,1,1,3,1,0,0,1,0,1,0,3,Moderate,0,,
1069,1342,2020,Pre-Assessment,0,0,1,0,0,1,1,0,0,3,1,1,0,1,3,1,0,0,0,0,2,0,3,Low,0,,
1053,1250,2020,Pre-Assessment,0,0,1,0,0,1,2,0,0,4,0,1,0,1,2,0,0,0,0,0,1,0,1,Low,0,,
184,1357,2020,Pre-Assessment,0,0,2,0,0,2,2,1,1,8,0,0,0,1,1,0,0,1,1,0,1,0,3,Moderate,0,,
2167,1347,2020,Pre-Assessment,0,0,1,0,0,1,2,0,1,5,0,0,0,1,1,1,0,0,1,0,2,2,6,Moderate,0,,
1504,1354,2020,Pre-Assessment,0,0,0,0,0,2,2,1,0,5,0,1,0,1,2,0,0,0,0,1,1,0,2,Low,0,,
1969,1330,2020,Pre-Assessment,0,1,1,1,0,2,2,1,1,9,0,0,0,1,1,2,0,0,0,0,0,0,2,Moderate,0,,
918,1361,2020,Interim Assessment,0,2,2,1,0,1,1,0,0,7,1,0,0,1,2,0,0,0,2,0,2,1,5,Moderate,0,,
2164,1339,2020,Pre-Assessment,0,2,1,1,0,2,2,0,0,8,1,0,0,1,2,0,0,0,0,0,2,0,2,Moderate,0,,
2175,1373,2020,Pre-Assessment,0,2,1,0,0,1,2,1,1,8,0,0,0,1,1,0,0,0,0,1,0,0,1,Moderate,0,,
1122,1376,2020,Pre-Assessment,0,0,0,0,0,2,1,0,0,3,0,0,1,1,2,2,0,0,0,0,1,0,3,Low,0,,
2172,1362,2020,Pre-Assessment,0,0,0,0,0,1,1,1,0,3,1,1,0,1,3,0,0,0,1,0,2,0,3,Low,0,,
2184,1405,2020,Pre-Assessment,0,0,1,1,0,2,2,1,0,7,1,0,0,1,2,1,0,0,1,0,1,0,3,Moderate,0,,
114,1399,2020,Pre-Assessment,0,0,2,0,0,2,2,0,0,6,0,0,0,1,1,2,0,0,1,1,1,1,6,Moderate,0,,
2187,1410,2020,Pre-Assessment,0,0,1,0,0,1,2,1,0,5,0,1,1,1,3,1,0,0,1,1,1,1,5,Moderate,0,,
2190,1415,2020,Pre-Assessment,1,0,1,0,0,0,0,1,0,3,1,1,0,1,3,1,0,0,0,1,0,1,3,Low,0,,
1381,1414,2020,Pre-Assessment,0,0,1,0,0,0,0,0,0,1,0,1,1,1,3,1,0,0,0,0,0,0,1,Low,0,,
1474,1423,2020,Pre-Assessment,0,2,1,0,0,2,1,1,0,7,1,0,0,1,2,0,0,0,0,0,0,0,0,Low,0,,
1558,1436,2020,Pre-Assessment,0,2,2,0,0,2,2,1,1,10,0,1,1,1,3,1,0,0,0,0,1,0,2,Moderate,0,,
2200,1437,2020,Pre-Assessment,0,2,2,1,0,1,1,1,0,8,0,1,0,1,2,1,0,0,0,0,1,0,2,Moderate,0,,
1505,1443,2020,Pre-Assessment,0,1,2,1,0,0,1,0,0,5,0,1,0,1,2,1,0,0,0,0,0,0,1,Low,0,,
2197,1433,2020,Pre-Assessment,0,1,1,0,1,2,2,0,0,7,0,1,1,1,3,1,0,0,0,0,2,0,3,Moderate,0,,
2195,1428,2020,Pre-Assessment,0,2,2,0,1,2,2,0,0,9,1,0,0,0,1,1,0,0,1,1,2,1,6,High,0,,
1510,1466,2020,Pre-Assessment,0,0,1,1,0,2,2,1,1,8,1,1,0,1,3,2,0,0,0,1,1,2,6,High,0,,
1969,1438,2020,Pre-Assessment,0,2,2,1,0,2,2,1,0,10,1,1,1,1,4,2,0,1,0,1,2,0,6,High,0,,
263,1481,2020,Pre-Assessment,0,2,2,1,0,1,2,1,1,10,1,0,1,1,3,1,0,0,0,0,1,0,2,Moderate,0,,
136,1485,2020,Pre-Assessment,0,2,2,0,0,1,2,1,0,8,1,0,0,0,1,0,0,0,0,0,1,0,1,Moderate,0,,
907,1483,2020,Pre-Assessment,0,0,1,0,0,1,2,1,0,5,1,0,1,1,3,1,0,1,1,0,0,0,3,Moderate,0,,
2210,1474,2021,Pre-Assessment,0,1,2,0,0,1,2,1,1,8,1,1,0,1,3,0,0,0,1,0,0,0,1,Moderate,0,,
461,1475,2021,Pre-Assessment,0,0,1,1,0,1,2,1,1,7,1,1,0,1,3,1,0,1,1,0,1,0,4,Moderate,0,,
1807,1490,2021,Pre-Assessment,0,0,0,0,0,0,0,0,0,0,0,0,1,1,2,0,0,0,0,0,2,0,2,Low,0,,
2209,1473,2021,Pre-Assessment,0,1,1,0,0,1,2,1,0,6,1,1,0,1,3,1,0,0,1,1,0,0,3,Moderate,0,,
2220,1499,2021,Pre-Assessment,0,0,1,0,0,0,0,1,0,2,0,0,0,1,1,1,0,0,0,0,2,0,3,Low,0,,
2166,1487,2021,Pre-Assessment,0,1,1,0,0,2,2,1,1,8,1,0,1,1,3,1,0,0,1,1,0,1,4,Moderate,0,,
1279,1509,2021,Pre-Assessment,0,2,1,0,0,2,2,0,0,7,1,0,0,1,2,1,0,0,0,0,0,0,1,Moderate,0,,
1350,1450,2020,Pre-Assessment,0,0,0,0,0,0,0,0,0,0,0,1,0,1,2,0,0,0,0,0,2,0,2,Low,0,,
2219,1500,2021,Pre-Assessment,0,0,1,0,0,1,2,0,0,4,1,1,0,0,2,1,0,0,1,1,1,0,4,Moderate,0,,
1147,1508,2021,Pre-Assessment,0,0,1,0,0,1,2,0,0,4,0,0,0,1,1,1,0,0,0,0,0,0,1,Low,0,,
1122,1537,2021,Pre-Assessment,0,0,0,0,0,0,0,0,0,0,0,0,0,0,0,0,0,0,0,0,0,0,0,Low,0,,
568,1534,2021,Pre-Assessment,0,0,1,0,0,1,2,0,0,4,0,0,0,1,1,2,0,0,0,0,0,0,2,Low,0,,
1321,1514,2021,Pre-Assessment,0,0,1,0,0,2,2,0,1,6,1,0,0,1,2,2,0,0,0,0,2,0,4,Moderate,0,,
425,1543,2021,Pre-Assessment,0,0,1,0,0,1,2,0,0,4,1,1,1,0,3,1,0,0,0,1,0,0,2,Low,0,,
1888,1521,2021,Pre-Assessment,0,1,2,0,0,2,2,0,0,7,1,0,1,1,3,1,0,0,1,1,2,1,6,High,0,,
192,1531,2021,Pre-Assessment,0,0,1,0,0,2,2,0,0,5,1,0,0,1,2,1,0,0,1,1,2,0,5,Moderate,0,,
2240,1566,2021,Pre-Assessment,0,1,2,0,0,1,1,1,0,6,1,1,1,0,3,0,0,0,0,0,0,0,0,Low,0,,
152,1114,2021,Pre-Assessment,0,0,0,0,0,0,0,0,0,0,0,0,0,1,1,0,0,0,1,0,0,0,1,Low,0,,
395,1551,2021,Pre-Assessment,0,0,0,0,1,0,0,1,0,2,0,0,1,1,2,1,0,0,0,0,0,1,2,Low,0,,
1238,1552,2021,Pre-Assessment,0,1,1,0,0,1,2,0,0,5,1,0,0,1,2,1,0,0,0,0,0,0,1,Low,0,,
2167,1578,2021,Pre-Assessment,0,0,1,0,0,1,2,0,1,5,0,1,1,1,3,1,0,0,1,0,0,1,3,Moderate,0,,
287,1393,2021,Pre-Assessment,0,1,1,0,0,0,0,1,0,3,0,0,0,1,1,0,0,0,0,0,1,0,1,Low,0,,
365,1366,2021,Interim Assessment,0,2,1,0,0,1,2,1,0,7,1,0,1,1,3,0,0,0,1,0,1,1,3,Moderate,0,,
2122,1259,2021,Pre-Assessment,0,2,2,1,0,2,2,1,1,11,1,1,1,1,4,0,0,0,0,0,1,0,1,High,0,,
481,1597,2021,Pre-Assessment,0,0,2,1,0,1,0,1,0,5,1,1,1,1,4,0,0,0,1,1,1,0,3,Moderate,0,,
136,1610,2021,Pre-Assessment,0,1,1,1,0,2,2,1,0,8,1,0,1,1,3,1,0,1,0,1,0,0,3,Moderate,0,,
2034,1496,2021,Pre-Assessment,0,1,1,0,0,2,2,1,0,7,1,0,0,1,2,0,0,0,0,0,0,0,0,Low,0,,
1149,1625,2021,Pre-Assessment,0,2,1,0,0,1,1,0,0,5,1,1,1,1,4,1,0,0,1,1,0,1,4,Moderate,0,,
448,1647,2021,Pre-Assessment,0,1,1,0,1,2,2,1,0,8,1,0,0,1,2,1,0,0,1,0,1,0,3,Moderate,0,,
1077,1675,2021,Pre-Assessment,0,0,0,0,0,0,0,0,0,0,0,0,0,1,1,0,0,0,0,0,2,0,2,Low,0,,
550,1644,2021,Pre-Assessment,1,1,2,1,0,1,1,1,0,8,1,1,0,1,3,1,0,0,1,0,1,0,3,Moderate,0,,
1913,1669,2021,Pre-Assessment,0,1,2,1,1,2,2,0,1,10,1,1,0,1,3,1,0,0,1,1,0,0,3,High,0,,
2278,1674,2021,Pre-Assessment,0,0,1,0,0,1,1,1,0,4,0,1,1,1,3,1,0,0,1,1,0,0,3,Moderate,0,,
732,1655,2021,Pre-Assessment,0,2,2,0,0,2,2,1,1,10,1,1,0,1,3,2,0,0,1,1,1,0,5,High,0,,
2283,1684,2021,Pre-Assessment,0,2,1,0,1,1,2,0,0,7,1,1,0,1,3,1,0,0,1,1,0,0,3,Moderate,0,,
2290,1696,2021,Pre-Assessment,0,2,2,0,0,1,2,0,0,7,1,1,1,1,4,0,0,1,2,0,0,0,3,Moderate,0,,
2294,1702,2021,Pre-Assessment,0,2,2,1,0,1,0,0,0,6,1,1,0,1,3,1,0,0,0,0,1,0,2,Moderate,0,,
1358,1712,2021,Pre-Assessment,0,0,0,0,0,1,1,0,0,2,0,0,0,1,1,0,0,0,0,0,0,0,0,Low,0,,
1525,1724,2021,Pre-Assessment,0,2,1,0,0,2,2,1,1,9,1,1,1,1,4,1,0,0,0,0,1,1,3,High,0,,
452,1705,2021,Pre-Assessment,0,1,2,0,0,1,2,1,0,7,0,0,0,1,1,1,0,0,1,1,1,0,4,Moderate,0,,
2292,1698,2021,Pre-Assessment,0,1,1,1,1,2,2,0,0,8,0,0,0,1,1,1,0,0,1,1,1,0,4,Moderate,0,,
452,1726,2021,Pre-Assessment,0,1,2,1,0,1,1,1,0,7,0,0,0,1,1,0,0,0,0,0,0,0,0,Low,0,,
2301,1720,2021,Pre-Assessment,0,1,1,1,0,2,2,1,0,8,1,1,0,1,3,1,0,0,1,1,1,0,4,Moderate,0,,
903,1699,2021,Pre-Assessment,0,2,1,0,0,1,2,0,0,6,1,1,0,1,3,0,0,0,1,1,1,1,4,Moderate,0,,
2318,1755,2021,Pre-Assessment,0,1,2,1,0,0,0,1,0,5,1,1,0,1,3,0,0,0,0,0,0,0,0,Low,0,,
2312,1743,2021,Pre-Assessment,0,2,1,1,0,2,2,1,0,9,1,1,1,1,4,1,0,0,1,0,1,2,5,High,0,,
2300,1719,2021,Pre-Assessment,0,1,0,0,1,2,2,1,0,7,0,1,1,1,3,1,0,0,0,0,1,0,2,Moderate,0,,
2311,1741,2021,Pre-Assessment,0,1,1,0,0,1,2,0,0,5,1,1,0,1,3,1,0,0,1,1,1,0,4,Moderate,0,,
1348,1760,2021,Pre-Assessment,0,1,2,0,0,2,1,1,0,7,1,0,0,1,2,1,0,0,0,0,0,0,1,Moderate,0,,
2319,1756,2021,Pre-Assessment,0,2,2,0,0,2,2,1,0,9,1,1,0,1,3,1,0,0,1,1,1,0,4,High,0,,
259,1773,2021,Pre-Assessment,0,2,1,0,0,1,2,1,0,7,1,0,0,1,2,0,0,0,1,0,1,0,2,Moderate,0,,
2291,1697,2021,Pre-Assessment,0,2,1,0,0,2,2,1,1,9,0,1,1,1,3,0,0,0,1,0,0,0,1,Moderate,0,,
2246,1590,2021,Pre-Assessment,0,1,2,0,0,2,2,0,0,7,1,0,0,1,2,1,0,0,1,0,0,1,3,Moderate,0,,
2268,1641,2021,Pre-Assessment,0,1,2,0,0,2,1,1,0,7,1,1,0,1,3,1,0,0,0,0,1,1,3,Moderate,0,,
2267,1635,2021,Pre-Assessment,0,2,1,1,0,2,2,0,0,8,1,1,1,1,4,0,0,0,0,0,1,0,1,Moderate,0,,
709,1654,2021,Pre-Assessment,0,1,2,0,0,2,2,1,0,8,1,0,1,1,3,0,0,0,0,0,1,1,2,Moderate,0,,
1843,1718,2021,Pre-Assessment,0,1,2,1,0,0,0,1,0,5,1,1,0,1,3,1,0,0,1,0,2,0,4,Moderate,0,,
1307,1785,2021,Pre-Assessment,1,1,2,0,0,1,2,1,0,8,1,1,0,1,3,1,0,0,1,1,0,0,3,Moderate,0,,
1529,1781,2021,Pre-Assessment,0,0,0,0,0,2,1,0,0,3,0,1,0,1,2,1,0,0,0,0,0,0,1,Low,0,,
2334,1797,2021,Pre-Assessment,0,1,1,0,1,2,2,1,0,8,1,1,1,1,4,1,0,0,0,0,0,0,1,Moderate,0,,
2336,1805,2021,Pre-Assessment,0,1,1,0,0,1,2,1,0,6,1,0,0,1,2,0,0,0,0,0,0,0,0,Low,0,,
1810,1782,2021,Interim Assessment,0,2,1,0,0,2,1,1,0,7,1,0,1,1,3,2,0,0,1,1,1,1,6,High,0,,
1277,1810,2021,Pre-Assessment,0,1,2,0,0,2,1,0,0,6,1,1,1,1,4,1,0,0,1,0,2,0,4,Moderate,0,,
2332,1792,2021,Pre-Assessment,0,2,1,0,0,2,2,1,1,9,1,1,1,1,4,2,0,0,1,1,1,2,7,High,0,,
2354,1842,2021,Pre-Assessment,1,1,0,1,1,0,1,1,0,6,1,1,0,1,3,1,0,1,1,0,1,0,4,Moderate,0,,
2348,1836,2021,Pre-Assessment,0,2,1,0,0,2,2,1,1,9,0,1,1,0,2,1,0,1,1,0,0,0,3,Moderate,0,,
873,1834,2021,Pre-Assessment,0,2,1,1,0,2,2,0,0,8,1,0,0,1,2,1,0,0,1,0,2,0,4,Moderate,0,,
2352,1840,2021,Pre-Assessment,0,1,2,1,0,2,2,0,1,9,0,0,0,1,1,1,0,0,0,0,0,0,1,Moderate,0,,
2358,1853,2021,Pre-Assessment,0,0,1,0,0,1,0,0,0,2,1,0,0,1,2,0,0,0,0,0,0,0,0,Low,0,,
2290,1857,2021,Pre-Assessment,0,1,1,0,0,1,1,0,0,4,1,1,1,1,4,1,0,0,0,0,0,0,1,Low,0,,
822,1847,2021,Pre-Assessment,0,1,1,0,0,2,2,0,1,7,1,1,1,1,4,1,0,0,0,0,1,0,2,Moderate,0,,
2367,1872,2021,Pre-Assessment,0,1,2,0,0,2,2,0,0,7,0,0,0,1,1,1,0,0,0,0,2,0,3,Moderate,0,,
2364,1863,2021,Pre-Assessment,0,2,2,0,1,0,1,1,0,7,1,0,0,1,2,2,0,1,2,1,0,2,8,High,0,,
1358,1882,2021,Pre-Assessment,0,0,0,0,0,0,0,0,0,0,1,0,0,1,2,0,0,0,0,0,0,0,0,Low,0,,
1061,1866,2021,Pre-Assessment,0,1,2,1,0,1,2,1,1,9,1,0,0,0,1,2,0,0,2,1,0,2,7,High,0,,
1162,1682,2021,Pre-Assessment,0,2,1,0,1,1,1,1,0,7,1,1,1,1,4,2,0,0,1,1,1,1,6,High,0,,
1512,1885,2021,Pre-Assessment,0,1,2,0,0,2,2,1,0,8,1,1,0,1,3,0,0,0,0,0,0,0,0,Moderate,0,,
1201,1786,2021,Interim Assessment,0,0,1,1,0,2,2,0,1,7,1,1,0,1,3,1,0,0,0,0,1,0,2,Moderate,0,,
2256,1890,2021,Pre-Assessment,0,0,1,0,1,2,1,0,0,5,0,1,1,1,3,1,0,0,1,0,2,1,5,Moderate,0,,
2377,1893,2021,Pre-Assessment,0,1,1,0,0,0,0,1,0,3,1,0,0,1,2,0,0,0,0,0,1,0,1,Low,0,,
1350,1813,2021,Interim Assessment,0,0,0,0,0,0,0,0,0,0,0,1,0,1,2,1,0,0,0,0,0,0,1,Low,0,,
2315,1747,2021,Pre-Assessment,0,1,1,0,0,1,2,1,0,6,1,0,1,1,3,1,0,0,0,0,1,1,3,Moderate,0,,
785,1897,2021,Pre-Assessment,0,0,1,1,0,2,2,0,0,6,1,1,0,1,3,1,0,0,0,0,1,0,2,Moderate,0,,
2376,1891,2021,Pre-Assessment,0,0,1,0,0,0,0,0,0,1,0,0,0,1,1,0,0,0,0,0,1,0,1,Low,0,,
2339,1809,2021,Interim Assessment,0,0,0,0,0,2,2,0,0,4,1,0,1,0,2,2,0,0,0,1,1,,4,Moderate,0,,
2380,1904,2021,Pre-Assessment,0,0,1,0,1,2,2,1,0,7,0,1,0,1,2,1,0,0,0,0,0,0,1,Moderate,0,,
2374,1884,2021,Pre-Assessment,0,0,0,0,1,1,2,0,0,4,0,0,0,1,1,1,0,0,1,0,0,0,2,Low,0,,
2379,1899,2021,Pre-Assessment,0,0,0,0,1,1,1,0,0,3,1,1,1,0,3,1,0,0,1,0,0,1,3,Low,0,,
756,1903,2021,Pre-Assessment,0,0,1,0,1,1,2,1,1,7,1,0,0,1,2,1,0,0,0,1,1,1,4,Moderate,0,,
1301,1933,2021,Pre-Assessment,0,0,0,0,0,0,0,0,0,0,1,1,0,1,3,0,0,0,0,0,0,0,0,Low,0,,
593,1750,2021,Pre-Assessment,0,1,2,0,0,1,2,1,0,7,1,0,1,1,3,1,0,1,1,1,0,2,6,High,0,,
5,1949,2021,Pre-Assessment,0,1,1,0,0,2,2,1,0,7,1,1,1,1,4,0,0,0,1,0,0,0,1,Moderate,0,,
2345,1827,2021,Interim Assessment,0,0,1,0,0,0,0,1,0,2,1,1,1,1,4,0,0,0,0,0,1,2,3,Low,0,,
16,1955,2021,Pre-Assessment,0,1,2,0,0,2,2,1,0,8,1,1,0,1,3,2,0,0,1,1,1,0,5,High,0,,
26,1931,2021,Pre-Assessment,0,2,1,1,0,2,2,1,1,10,1,0,0,1,2,1,0,0,0,1,0,0,2,Moderate,0,,
2394,1947,2021,Pre-Assessment,0,2,1,1,0,2,2,1,0,9,1,0,0,0,1,0,0,0,0,0,1,0,1,Moderate,0,,
2320,1757,2021,Interim Assessment,0,2,1,1,1,2,2,1,0,10,1,1,0,1,3,0,0,0,1,0,2,1,4,High,0,,
1810,1956,2021,Pre-Assessment,0,0,1,0,0,1,1,0,0,3,1,0,0,1,2,1,0,0,0,0,1,0,2,Low,0,,
2411,1978,2021,Pre-Assessment,0,1,2,0,0,2,2,1,1,9,0,0,1,1,2,1,0,1,2,0,0,2,6,High,0,,
2406,1964,2021,Pre-Assessment,0,2,1,0,0,2,2,1,0,8,0,0,0,1,1,0,0,0,1,1,2,0,4,Moderate,0,,
515,1932,2021,Pre-Assessment,0,0,2,0,0,2,2,1,1,8,1,0,0,1,2,0,0,0,1,0,2,0,3,Moderate,0,,
2399,1953,2021,Pre-Assessment,0,0,0,0,1,2,2,0,0,5,0,0,0,1,1,1,0,0,0,1,1,0,3,Low,0,,
1415,1985,2021,Pre-Assessment,0,0,1,0,0,2,2,0,0,5,0,1,0,1,2,1,1,0,0,1,0,1,4,Moderate,0,,
2417,1990,2021,Pre-Assessment,0,2,1,1,0,2,2,0,1,9,1,1,1,1,4,0,0,0,0,1,1,2,4,High,0,,
163,2047,2021,Pre-Assessment,0,2,1,1,0,2,2,1,0,9,1,1,0,1,3,1,0,0,0,0,0,0,1,Moderate,0,,
1009,2039,2021,Pre-Assessment,0,2,1,0,0,0,0,1,0,4,0,0,0,1,1,0,1,0,0,0,0,0,1,Low,0,,
165,2038,2021,Pre-Assessment,0,0,0,0,0,2,2,1,0,5,0,0,0,1,1,1,0,0,1,0,0,0,2,Low,0,,
586,1970,2021,Pre-Assessment,0,2,2,1,0,0,0,0,0,5,1,1,0,1,3,1,0,0,0,0,2,1,4,Moderate,0,,
1527,1984,2021,Pre-Assessment,0,0,1,0,0,2,1,0,0,4,0,0,0,1,1,1,0,0,0,1,1,0,3,Low,0,,
2134,2041,2021,Pre-Assessment,0,0,1,0,0,0,0,0,0,1,0,1,0,1,2,0,0,0,0,0,2,0,2,Low,0,,
2256,2050,2021,Pre-Assessment,0,0,1,0,1,1,1,0,0,4,0,1,0,1,2,0,0,0,0,0,2,0,2,Low,0,,
2441,2068,2021,Pre-Assessment,0,2,1,0,0,1,1,0,0,5,1,1,0,1,3,1,0,0,0,0,0,0,1,Low,0,,
2424,2007,2021,Interim Assessment,0,1,1,0,1,0,0,0,0,3,0,1,0,1,2,1,1,0,1,0,2,1,6,Moderate,0,,
1477,2013,2021,Pre-Assessment,0,2,2,0,0,2,2,1,1,10,1,1,0,1,3,0,0,0,0,1,0,1,2,Moderate,0,,
1622,2083,2021,Pre-Assessment,0,1,2,0,0,1,2,1,0,7,0,1,0,1,2,0,0,0,0,0,2,0,2,Moderate,0,,
1818,1728,2021,Pre-Assessment,0,0,1,0,0,2,2,0,1,6,1,0,1,1,3,0,0,0,0,0,1,0,1,Moderate,0,,
230,2080,2021,Pre-Assessment,0,0,1,0,0,2,2,0,1,6,1,0,1,1,3,0,0,0,0,0,1,0,1,Moderate,0,,
2416,1986,2021,Interim Assessment,0,1,1,1,0,0,0,1,1,5,1,0,1,1,3,2,0,1,2,1,2,2,10,High,0,,
9,2110,2021,Pre-Assessment,0,0,1,1,1,2,2,0,0,7,1,0,0,1,2,1,0,0,0,1,2,0,4,Moderate,0,,
1503,2103,2021,Pre-Assessment,0,0,1,0,1,1,2,1,0,6,1,1,0,1,3,1,0,0,1,0,1,0,3,Moderate,0,,
1277,2071,2021,Pre-Assessment,0,1,2,0,0,2,1,0,0,6,1,1,1,1,4,1,0,0,1,0,2,0,4,Moderate,0,,
2451,2112,2021,Pre-Assessment,0,1,2,1,0,1,1,1,0,7,1,0,0,1,2,1,0,0,0,0,0,0,1,Moderate,0,,
93,2114,2021,Pre-Assessment,0,2,1,1,0,1,1,0,0,6,0,1,0,1,2,0,0,0,0,1,1,0,2,Moderate,0,,
2465,2139,2021,Pre-Assessment,0,0,1,0,1,2,2,0,0,6,0,1,0,1,2,0,0,0,0,1,1,0,2,Moderate,0,,
1800,1656,2021,Pre-Assessment,0,0,0,0,0,1,1,0,0,2,0,0,0,1,1,0,0,0,0,0,1,0,1,Low,0,,
1527,2203,2021,Pre-Assessment,0,0,1,0,0,1,1,0,0,3,0,0,0,1,1,1,0,0,0,0,2,0,3,Low,0,,
614,2183,2021,Pre-Assessment,0,0,1,0,0,1,0,0,0,2,0,0,0,1,1,0,0,0,0,0,0,0,0,Low,0,,
52,2181,2021,Pre-Assessment,1,2,2,1,0,2,2,0,0,10,1,0,0,0,1,0,0,0,0,0,1,0,1,Moderate,0,,
1582,2204,2021,Pre-Assessment,0,2,2,0,0,2,2,0,0,8,1,0,0,1,2,0,0,0,0,0,0,0,0,Moderate,0,,
20,2129,2021,Pre-Assessment,0,1,2,0,1,1,2,1,0,8,1,0,1,1,3,1,0,0,1,0,0,2,4,Moderate,0,,
221,2195,2021,Pre-Assessment,0,0,1,0,0,2,2,1,0,6,1,1,0,1,3,1,1,1,0,1,0,0,4,Moderate,0,,
2478,2174,2021,Pre-Assessment,0,1,2,0,0,2,2,1,0,8,0,0,0,0,0,1,0,0,0,0,0,0,1,Low,0,,
873,2208,2021,Pre-Assessment,0,2,1,1,0,2,2,0,0,8,1,0,0,1,2,1,0,0,1,0,2,0,4,Moderate,0,,
2447,2116,2021,Pre-Assessment,0,2,2,1,0,2,2,1,1,11,1,0,0,1,2,0,0,0,0,0,2,0,2,Moderate,0,,
2246,2227,2021,Pre-Assessment,0,1,2,0,0,2,2,0,0,7,1,0,0,1,2,1,0,0,1,0,0,1,3,Moderate,0,,
1365,2210,2021,Pre-Assessment,0,1,1,0,0,0,2,0,0,4,0,0,1,0,1,2,0,0,1,1,0,1,5,Moderate,0,,
1017,2196,2021,Pre-Assessment,0,0,0,1,0,0,0,0,0,1,0,0,1,1,2,1,0,0,0,0,0,0,1,Low,0,,
813,2228,2021,Pre-Assessment,0,2,2,1,1,1,2,1,0,10,1,0,0,1,2,0,0,0,0,0,1,0,1,Moderate,0,,
86,2231,2021,Pre-Assessment,1,0,1,0,0,2,2,1,0,7,1,0,1,1,3,0,0,0,0,0,1,0,1,Moderate,0,,
1394,29,2022,Pre-Assessment,0,1,1,0,0,2,2,0,0,6,1,0,1,1,3,0,0,0,0,0,0,0,0,Low,0,,
2265,2280,2022,Pre-Assessment,0,1,1,0,0,1,1,1,0,5,1,1,0,0,2,1,0,1,0,1,1,1,5,Moderate,0,,
873,2315,2022,Pre-Assessment,0,2,1,1,0,2,2,0,0,8,1,0,0,1,2,1,0,0,1,0,2,0,4,Moderate,0,,
1604,2286,2022,Pre-Assessment,0,0,1,0,0,1,2,1,0,5,0,0,1,1,2,0,0,0,0,0,0,0,0,Low,0,,
614,2306,2022,Pre-Assessment,0,0,1,0,0,0,0,0,0,1,0,0,0,1,1,0,0,0,0,0,0,0,0,Low,0,,
711,2312,2022,Pre-Assessment,0,0,1,0,1,1,2,1,0,6,1,0,1,1,3,0,0,0,0,0,1,1,2,Moderate,0,,
964,2337,2022,Pre-Assessment,0,0,2,0,0,0,0,0,0,2,1,0,0,1,2,1,0,0,0,1,0,0,2,Low,0,,
573,2332,2022,Pre-Assessment,0,1,2,1,0,1,2,0,0,7,0,0,1,1,2,1,1,0,0,0,1,0,3,Moderate,0,,
452,2287,2022,Pre-Assessment,0,1,2,0,0,1,2,1,0,7,0,0,0,1,1,1,0,0,1,1,1,0,4,Moderate,0,,
1301,2365,2022,Pre-Assessment,0,0,0,0,0,0,0,0,0,0,0,0,0,1,1,0,0,0,0,0,0,0,0,Low,0,,
268,2362,2022,Pre-Assessment,0,1,1,0,0,2,2,1,0,7,0,0,1,0,1,1,0,0,0,0,0,0,1,Low,0,,
514,2358,2022,Pre-Assessment,0,1,1,1,1,2,2,0,1,9,1,1,0,0,2,0,0,1,2,0,0,0,3,Moderate,0,,
176,2300,2022,Pre-Assessment,0,0,0,0,0,2,2,0,0,4,0,0,0,1,1,0,0,0,1,0,2,1,4,Low,0,,
74,2376,2022,Pre-Assessment,0,1,2,0,1,2,2,1,0,9,1,1,0,1,3,1,0,0,0,0,2,0,3,Moderate,0,,
1460,2378,2022,Pre-Assessment,0,0,1,0,0,1,1,1,0,4,1,1,0,1,3,0,0,0,0,1,1,1,3,Moderate,0,,
2545,2388,2022,Pre-Assessment,0,1,2,0,0,1,1,1,0,6,1,1,1,0,3,0,0,0,1,0,0,0,1,Moderate,0,,
1759,2320,2022,Interim Assessment,0,0,1,0,1,2,2,1,1,8,1,1,1,1,4,2,0,0,0,1,1,1,5,High,0,,
1009,2313,2022,Pre-Assessment,0,2,1,0,0,0,0,1,1,5,0,0,0,1,1,0,0,0,0,0,0,0,0,Low,0,,
597,2409,2022,Pre-Assessment,0,0,1,0,0,2,2,1,0,6,1,1,1,1,4,0,0,0,0,0,1,0,1,Moderate,0,,
882,2403,2022,Pre-Assessment,0,0,1,0,0,2,2,1,1,7,1,1,1,1,4,1,0,0,2,1,0,2,6,High,0,,
2250,2339,2022,Pre-Assessment,0,0,1,0,0,1,0,1,0,3,1,0,1,1,3,2,0,0,0,0,0,0,2,Low,0,,
2559,2429,2022,Pre-Assessment,0,1,1,0,0,0,0,0,0,2,1,1,1,1,4,0,0,0,0,0,1,1,2,Low,0,,
1902,2368,2022,Pre-Assessment,0,1,2,1,0,2,1,1,0,8,0,1,0,1,2,1,0,1,1,0,1,0,4,Moderate,0,,
1423,2431,2022,Pre-Assessment,0,0,0,0,0,0,0,0,0,0,0,0,0,1,1,0,0,0,0,0,2,0,2,Low,0,,
2266,2421,2022,Pre-Assessment,0,0,1,0,0,0,0,1,0,2,1,1,0,1,3,1,0,1,1,1,2,1,7,Moderate,0,,
2499,2237,2022,Pre-Assessment,0,0,1,0,0,1,1,0,0,3,0,1,1,1,3,0,0,0,1,0,1,0,2,Low,0,,
1279,2372,2022,Pre-Assessment,0,1,1,1,0,2,2,1,0,8,0,1,1,1,3,1,0,0,0,1,1,1,4,Moderate,0,,
918,1962,2022,Interim Assessment,0,2,2,0,0,2,2,1,0,9,1,1,1,1,4,1,0,0,1,0,1,0,3,High,0,,
2102,2443,2022,Pre-Assessment,0,1,2,1,0,2,2,0,1,9,1,1,1,1,4,0,0,0,0,1,0,0,1,Moderate,0,,
2537,2357,2022,Pre-Assessment,0,2,2,0,0,0,0,1,0,5,1,0,0,1,2,0,0,0,0,0,0,1,1,Low,0,,
592,2420,2022,Pre-Assessment,0,1,2,0,0,0,0,0,0,3,1,1,1,1,4,0,0,1,1,1,0,0,3,Moderate,0,,
2320,2086,2022,Pre-Assessment,0,2,1,1,1,2,2,1,0,10,1,1,0,1,3,0,0,0,1,0,2,1,4,High,0,,
2554,2422,2022,Interim Assessment,0,0,1,0,0,0,0,1,0,2,0,0,0,1,1,0,0,0,1,0,0,1,2,Low,0,,
264,2452,2022,Interim Assessment,0,1,1,0,0,1,2,1,0,6,0,0,1,1,2,0,0,0,1,0,1,1,3,Moderate,0,,
2483,2188,2022,Pre-Assessment,0,0,1,0,0,1,1,1,0,4,0,0,1,0,1,0,0,0,0,0,1,0,1,Low,0,,
38,2477,2022,Pre-Assessment,0,0,2,1,0,2,2,1,0,8,1,1,0,0,2,0,0,0,0,0,0,0,0,Moderate,0,,
2575,2464,2022,Pre-Assessment,0,0,2,0,0,2,2,1,0,7,1,1,1,1,4,1,0,0,2,1,1,0,5,High,0,,
361,2478,2022,Interim Assessment,0,0,0,0,0,1,1,1,0,3,0,0,0,1,1,0,0,0,1,0,1,1,3,Low,0,,
1101,2493,2022,Pre-Assessment,0,1,1,0,0,2,2,0,0,6,1,0,0,1,2,1,0,0,0,1,1,0,3,Moderate,0,,
1324,2317,2022,Pre-Assessment,0,1,2,1,0,1,1,1,0,7,1,1,0,1,3,1,0,0,1,0,1,0,3,Moderate,0,,
363,2221,2021,Pre-Assessment,0,2,1,0,0,2,2,1,0,8,1,0,1,1,3,2,0,0,1,1,0,2,6,High,0,,
2178,2515,2022,Pre-Assessment,0,0,1,0,0,1,0,0,0,2,1,1,0,1,3,0,0,0,1,0,0,0,1,Low,0,,
889,2316,2022,Pre-Assessment,0,2,2,1,0,2,2,1,0,10,0,0,0,1,1,0,0,0,0,0,0,0,0,Moderate,0,,
2592,2542,2022,Pre-Assessment,0,0,2,0,0,2,2,0,0,6,1,0,1,1,3,1,0,0,1,1,1,0,4,Moderate,0,,
66,2558,2022,Pre-Assessment,0,0,1,0,0,2,2,0,0,5,1,0,0,1,2,0,0,0,0,0,0,0,0,Low,0,,
835,2390,2022,Pre-Assessment,0,0,1,0,0,2,2,0,0,5,0,0,1,1,2,1,0,1,1,0,0,0,3,Moderate,0,,
1326,2584,2022,Pre-Assessment,0,1,1,1,1,2,2,1,0,9,1,0,1,1,3,1,0,0,1,0,1,0,3,Moderate,0,,
1518,2416,2022,Pre-Assessment,0,2,2,1,1,2,2,1,0,11,0,0,1,1,2,1,0,0,1,0,1,0,3,High,0,,
2615,2605,2022,Pre-Assessment,0,1,2,1,0,1,1,0,0,6,1,1,0,1,3,0,0,0,0,1,1,1,3,Moderate,0,,
1261,2621,2022,Pre-Assessment,0,0,0,0,0,1,1,1,0,3,0,1,0,1,2,0,0,0,1,0,0,0,1,Low,0,,
952,2022,2022,Interim Assessment,0,2,1,0,0,2,2,1,0,8,1,1,0,1,3,0,0,0,0,1,0,0,1,Moderate,0,,
882,2625,2022,Pre-Assessment,0,0,1,0,0,2,2,1,1,7,1,1,1,1,4,1,0,0,2,1,0,2,6,High,0,,
1217,2591,2022,Pre-Assessment,0,2,2,0,0,2,2,1,1,10,0,1,0,0,1,2,0,0,1,0,1,0,4,Moderate,0,,
1304,2617,2022,Pre-Assessment,0,1,1,0,0,2,2,1,1,8,0,1,1,1,3,2,0,0,1,1,1,1,6,High,0,,
2447,2576,2022,Pre-Assessment,1,2,2,1,0,2,2,1,0,11,1,1,0,1,3,1,0,0,1,1,1,1,5,High,0,,
1324,2663,2022,Pre-Assessment,0,1,2,1,0,0,0,1,0,5,1,1,0,1,3,0,0,0,0,0,0,0,0,Low,0,,
2178,2664,2022,Pre-Assessment,0,1,1,0,0,1,0,0,0,3,1,1,0,1,3,0,0,0,0,0,0,0,0,Low,0,,
2647,2678,2022,Pre-Assessment,0,0,1,0,0,1,1,0,0,3,0,0,0,1,1,0,0,0,0,0,0,0,0,Low,0,,
1365,2641,2022,Pre-Assessment,0,1,1,0,0,0,2,0,0,4,1,0,1,0,2,2,0,0,1,1,0,1,5,Moderate,0,,
2648,2680,2022,Interim Assessment,0,0,1,0,0,0,1,1,0,3,0,0,0,1,1,1,0,0,1,0,1,1,4,Low,0,,
2653,2700,2022,Pre-Assessment,0,0,0,0,0,1,1,1,0,3,0,0,0,0,0,1,0,0,0,0,1,1,3,Low,0,,
2661,2720,2022,Pre-Assessment,0,1,1,1,0,1,1,1,0,6,1,1,0,1,3,1,0,0,0,0,0,1,2,Moderate,0,,
323,2722,2022,Pre-Assessment,0,0,1,0,0,1,1,0,0,3,0,1,1,1,3,0,0,0,0,0,0,0,0,Low,0,,
237,2730,2022,Pre-Assessment,0,0,1,0,0,1,2,1,0,5,0,1,0,0,1,0,0,0,0,0,0,0,0,Low,0,,
2665,2732,2022,Pre-Assessment,0,2,2,0,0,1,2,1,1,9,1,1,0,1,3,0,0,0,0,0,2,0,2,Moderate,0,,
1300,2646,2022,Pre-Assessment,0,0,0,0,0,2,2,0,0,4,0,0,0,1,1,0,0,0,0,0,0,0,0,Low,0,,
2673,2749,2022,Pre-Assessment,0,1,1,0,0,2,2,1,1,8,0,1,0,1,2,0,0,0,0,0,0,1,1,Moderate,0,,
2676,2756,2022,Pre-Assessment,0,2,1,0,0,0,0,0,0,3,0,0,0,1,1,1,0,0,1,0,1,1,4,Low,0,,
1378,2775,2022,Pre-Assessment,0,0,0,0,0,1,1,0,0,2,0,0,0,1,1,0,0,0,0,0,0,0,0,Low,0,,
1261,2782,2022,Pre-Assessment,0,1,2,0,0,1,1,0,0,5,1,0,1,1,3,0,0,0,1,0,0,0,1,Low,0,,
918,2734,2022,Interim Assessment,0,2,1,0,0,1,2,1,0,7,1,1,0,1,3,1,0,1,1,0,0,0,3,Moderate,0,,
1222,2776,2022,Pre-Assessment,0,0,0,0,0,2,1,0,0,3,1,1,1,1,4,1,0,1,1,0,1,1,5,Moderate,0,,
1692,2787,2022,Pre-Assessment,0,2,1,0,0,2,2,0,0,7,1,0,0,1,2,0,0,0,2,0,0,2,4,Moderate,0,,
926,2784,2022,Pre-Assessment,0,1,2,0,0,2,2,1,0,8,1,0,0,1,2,2,0,0,0,1,1,1,5,Moderate,0,,
1304,2820,2022,Pre-Assessment,0,1,1,0,0,2,2,0,0,6,1,0,1,1,3,0,0,0,0,0,2,0,2,Moderate,0,,
2679,2759,2022,Pre-Assessment,1,2,2,0,0,2,2,1,0,10,1,0,0,1,2,1,0,0,1,0,1,1,4,High,0,,
2712,2847,2022,Pre-Assessment,0,1,2,0,1,0,0,1,0,5,1,1,0,1,3,0,0,0,0,0,0,1,1,Low,0,,
1300,2850,2022,Pre-Assessment,0,0,0,0,0,1,1,0,0,2,0,0,0,1,1,0,0,0,0,0,0,0,0,Low,0,,
2708,2835,2022,Pre-Assessment,0,2,1,0,1,2,1,1,1,9,1,1,0,1,3,1,0,0,0,1,2,2,6,High,0,,
2701,2812,2022,Pre-Assessment,0,1,2,0,0,0,1,1,0,5,0,0,1,1,2,0,0,0,1,0,2,2,5,Moderate,0,,
2671,2744,2022,Pre-Assessment,0,2,2,0,0,1,1,1,0,7,1,1,1,1,4,1,0,0,0,0,0,2,3,Moderate,0,,
2439,2555,2022,Pre-Assessment,0,0,0,0,0,0,0,0,0,0,0,0,0,1,1,0,0,0,1,0,2,1,4,Low,0,,
2622,2626,2022,Interim Assessment,0,1,1,0,0,2,2,0,0,6,1,0,0,0,1,1,0,0,0,0,1,0,2,Low,0,,
95,2522,2022,Interim Assessment,0,1,1,0,1,1,2,1,0,7,1,0,0,1,2,0,0,1,1,1,1,2,6,Moderate,0,,
946,2856,2022,Pre-Assessment,1,2,1,0,0,1,2,0,0,7,1,0,0,1,2,0,0,0,1,0,0,0,1,Moderate,0,,
1641,2767,2022,Pre-Assessment,1,2,2,0,0,1,1,1,0,8,1,0,0,1,2,1,0,0,2,1,0,1,5,Moderate,0,,
260,2642,2022,Pre-Assessment,0,1,1,1,1,2,2,1,1,10,1,1,0,1,3,1,0,1,1,0,1,0,4,High,0,,
2524,2790,2022,Pre-Assessment,0,0,1,0,0,0,0,1,0,2,1,1,1,1,4,0,0,0,2,0,0,0,2,Low,0,,
1543,2837,2022,Pre-Assessment,0,0,0,0,0,0,0,0,0,0,0,0,1,0,1,0,0,0,0,0,1,0,1,Low,0,,
835,2879,2022,Pre-Assessment,0,0,1,0,0,0,1,0,0,2,0,0,0,1,1,0,0,0,0,0,0,0,0,Low,0,,
569,2695,2022,Pre-Assessment,0,1,2,0,0,2,2,0,0,7,0,1,0,1,2,0,0,0,0,0,0,0,0,Low,0,,
2625,2632,2022,Pre-Assessment,0,2,1,0,1,0,0,0,0,4,1,1,0,1,3,0,0,0,0,0,0,0,0,Low,0,,
2524,2916,2022,Pre-Assessment,0,1,2,1,0,1,1,1,0,7,1,1,1,1,4,0,0,0,0,0,0,0,0,Moderate,0,,
2625,2934,2022,Pre-Assessment,0,2,2,0,0,0,0,1,0,5,1,1,0,1,3,0,0,0,0,0,0,0,0,Low,0,,
1936,2930,2022,Pre-Assessment,0,1,1,0,0,0,0,1,0,3,1,0,1,1,3,0,0,1,0,1,0,0,2,Low,0,,
2705,2830,2022,Pre-Assessment,0,0,1,0,0,0,0,0,0,1,0,0,1,1,2,0,0,0,0,0,1,0,1,Low,0,,
2324,2980,2022,Pre-Assessment,0,1,1,0,0,2,2,0,1,7,1,1,1,1,4,1,0,0,0,0,0,0,1,Moderate,0,,
592,2953,2022,Pre-Assessment,0,1,2,0,1,2,0,0,0,6,1,1,1,1,4,0,0,0,1,0,1,0,2,Moderate,0,,
239,2960,2022,Pre-Assessment,0,2,1,0,0,1,2,1,0,7,0,0,1,1,2,0,0,0,0,0,1,0,1,Moderate,0,,
2732,2901,2022,Pre-Assessment,0,0,1,0,0,1,1,0,0,3,0,1,1,1,3,1,0,0,0,0,0,1,2,Low,0,,
2415,2964,2022,Pre-Assessment,0,2,2,0,1,2,1,1,0,9,1,0,1,1,3,1,0,0,1,0,1,0,3,Moderate,0,,
2,3002,2022,Pre-Assessment,0,0,0,0,0,2,2,1,0,5,0,0,1,1,2,0,0,0,0,0,1,0,1,Low,0,,
1205,2978,2022,Pre-Assessment,0,0,2,0,1,1,1,1,0,6,1,0,0,1,2,0,0,0,0,0,0,0,0,Low,0,,
1118,2890,2022,Pre-Assessment,0,0,0,0,0,0,0,1,0,1,1,1,1,1,4,0,0,0,0,0,0,2,2,Low,0,,
2703,2905,2022,Pre-Assessment,0,2,1,1,1,2,0,0,0,7,1,0,0,1,2,0,0,0,0,0,0,,0,Low,0,,
2774,3037,2022,Pre-Assessment,0,1,1,0,1,1,2,1,0,7,1,1,1,1,4,1,0,0,1,0,1,0,3,Moderate,0,,
2546,3040,2022,Pre-Assessment,0,1,1,1,0,2,2,1,0,8,1,0,0,1,2,0,0,0,0,0,0,0,0,Moderate,0,,
1287,2989,2022,Pre-Assessment,0,1,2,0,0,1,1,0,0,5,1,1,1,0,3,0,0,0,1,0,0,0,1,Low,0,,
2448,2982,2023,Pre-Assessment,0,1,1,0,0,2,2,1,0,7,1,0,0,1,2,0,0,0,0,0,1,0,1,Moderate,0,,
258,2825,2023,Pre-Assessment,0,0,1,0,0,1,2,0,0,4,0,0,0,1,1,0,0,0,0,0,0,0,0,Low,0,,
2756,2975,2023,Pre-Assessment,0,0,0,0,0,1,2,0,0,3,1,1,0,1,3,0,0,0,0,0,0,0,0,Low,0,,
2772,3033,2023,Pre-Assessment,0,1,0,0,0,1,2,0,0,4,0,0,0,1,1,0,0,0,0,0,0,0,0,Low,0,,
136,3067,2023,Pre-Assessment,0,2,2,0,0,1,2,1,0,8,1,0,0,1,2,0,0,0,0,0,0,0,0,Moderate,0,,
2623,2629,2022,Pre-Assessment,0,2,1,0,0,1,1,1,0,6,1,0,1,1,3,2,0,1,0,1,0,0,4,Moderate,0,,
2648,3079,2023,Pre-Assessment,0,0,1,0,0,0,1,1,0,3,1,0,0,1,2,0,0,0,1,0,0,0,1,Low,0,,
1428,2881,2023,Pre-Assessment,0,0,1,0,0,1,2,1,0,5,0,1,1,1,3,1,0,0,0,0,0,0,1,Low,0,,
1469,2979,2023,Pre-Assessment,0,1,1,1,1,1,2,1,1,9,1,0,0,1,2,1,0,0,1,1,2,2,7,High,0,,
613,3072,2023,Pre-Assessment,0,1,1,0,0,2,2,0,0,6,0,0,0,1,1,1,0,0,0,1,2,0,4,Moderate,0,,
2782,3051,2023,Pre-Assessment,0,1,2,0,0,2,2,0,0,7,1,1,1,1,4,0,0,0,0,0,1,0,1,Moderate,0,,
2804,3097,2023,Pre-Assessment,0,1,2,1,0,0,0,1,0,5,1,1,0,1,3,0,0,0,0,0,0,0,0,Low,0,,
2802,3093,2023,Pre-Assessment,0,0,1,0,0,1,1,1,0,4,1,1,0,1,3,0,0,0,2,0,2,2,6,Moderate,0,,
2367,3117,2023,Pre-Assessment,0,1,2,0,0,2,2,1,1,9,0,0,0,1,1,0,0,0,0,0,1,0,1,Moderate,0,,
2811,3111,2023,Pre-Assessment,0,0,0,0,0,0,0,0,0,0,0,0,0,1,1,0,0,0,0,0,1,0,1,Low,0,,
87,3125,2023,Pre-Assessment,0,0,0,0,0,1,1,0,0,2,1,0,0,1,2,0,0,0,0,0,0,0,0,Low,0,,
2671,3129,2023,Pre-Assessment,0,1,2,0,0,2,2,1,0,8,1,1,1,1,4,0,0,0,0,0,0,0,0,Moderate,0,,
2796,3081,2023,Pre-Assessment,0,2,0,1,0,1,2,1,0,7,0,0,0,1,1,2,0,1,1,1,1,0,6,Moderate,0,,
2815,3121,2023,Pre-Assessment,0,2,1,0,0,1,2,1,0,7,0,0,0,1,1,0,0,0,0,0,0,0,0,Low,0,,
116,3112,2023,Pre-Assessment,0,1,2,1,1,2,2,1,0,10,1,0,1,0,2,1,0,0,0,0,2,0,3,Moderate,0,,
2784,3053,2023,Pre-Assessment,0,1,2,0,0,1,1,1,0,6,1,1,0,1,3,0,0,0,0,0,0,1,1,Moderate,0,,
2761,2993,2023,Pre-Assessment,0,0,0,0,0,0,0,0,0,0,0,0,0,1,1,0,0,0,0,0,0,0,0,Low,0,,
1779,3110,2023,Pre-Assessment,0,2,1,0,1,2,2,0,1,9,0,1,0,1,2,0,0,0,0,0,2,1,3,Moderate,0,,
2287,3158,2023,Pre-Assessment,0,0,0,0,0,2,2,1,1,6,1,0,0,0,1,1,0,0,0,0,1,2,4,Moderate,0,,
2830,3154,2023,Pre-Assessment,0,1,2,0,0,2,2,0,1,8,0,0,0,1,1,1,0,0,0,0,0,0,1,Moderate,0,,
614,3172,2023,Pre-Assessment,0,0,1,0,0,0,1,0,0,2,0,0,0,1,1,0,0,0,0,0,0,0,0,Low,0,,
503,3144,2023,Pre-Assessment,0,0,0,0,0,1,1,0,0,2,0,0,0,1,1,0,1,1,0,0,0,0,2,Low,0,,
1577,3170,2023,Pre-Assessment,0,2,1,0,1,2,2,1,1,10,1,0,1,1,3,1,0,0,0,0,0,0,1,Moderate,0,,
1330,3124,2023,Pre-Assessment,0,0,1,0,0,1,2,1,0,5,1,0,0,1,2,1,0,0,0,0,0,0,1,Low,0,,
219,3168,2023,Pre-Assessment,0,2,2,1,1,2,2,1,0,11,1,0,1,1,3,1,0,0,1,0,1,1,4,High,0,,
2841,3196,2023,Pre-Assessment,0,0,1,0,0,1,1,0,0,3,1,0,0,1,2,0,0,0,0,0,0,0,0,Low,0,,
6,3166,2023,Pre-Assessment,0,0,0,0,1,2,2,1,0,6,0,0,1,1,2,1,0,0,0,0,1,0,2,Moderate,0,,
469,3188,2023,Pre-Assessment,0,0,0,0,0,1,1,0,0,2,0,0,0,0,0,0,0,0,0,0,0,0,0,Low,0,,
298,3162,2023,Interim Assessment,0,1,2,1,1,2,2,0,0,9,1,0,1,0,2,1,1,0,1,1,0,0,4,High,0,,
2823,3141,2023,Pre-Assessment,0,1,1,1,0,0,0,1,0,4,1,1,1,1,4,2,0,0,1,1,2,1,7,High,0,,
255,3023,2023,Pre-Assessment,0,1,1,0,0,2,1,0,0,5,0,0,0,1,1,1,1,0,0,0,1,1,4,Moderate,0,,
737,3211,2023,Pre-Assessment,0,0,1,0,0,2,2,1,0,6,0,0,1,1,2,2,0,1,1,1,1,0,6,Moderate,0,,
373,3258,2023,Pre-Assessment,0,1,1,0,0,2,2,1,1,8,1,0,0,1,2,0,0,0,0,0,1,0,1,Moderate,0,,
2875,3272,2023,Pre-Assessment,0,0,1,0,0,2,1,0,0,4,1,0,0,1,2,0,0,0,0,0,2,0,2,Low,0,,
970,3090,2023,Pre-Assessment,0,0,0,0,0,1,2,0,0,3,0,1,0,1,2,1,0,0,1,1,1,0,4,Low,0,,
1573,2878,2023,Pre-Assessment,0,0,0,0,0,2,2,0,0,4,0,0,0,1,1,2,1,0,0,1,1,1,6,Moderate,0,,
2880,3293,2023,Pre-Assessment,0,0,0,0,0,1,1,0,0,2,1,0,0,1,2,0,0,0,0,0,1,0,1,Low,0,,
267,3311,2023,Pre-Assessment,0,1,1,0,0,2,2,0,0,6,1,0,1,1,3,1,0,0,0,1,1,1,4,Moderate,0,,
1120,3302,2023,Pre-Assessment,0,0,0,0,0,0,0,1,0,1,1,0,0,1,2,1,1,0,0,0,0,0,2,Low,0,,
211,3308,2023,Pre-Assessment,0,0,1,0,1,2,2,1,0,7,1,0,1,1,3,1,0,1,0,0,2,0,4,Moderate,0,,
2839,3181,2023,Interim Assessment,0,1,2,0,0,2,2,0,0,7,1,0,0,1,2,0,0,0,0,0,1,0,1,Moderate,0,,
1235,3358,2023,Pre-Assessment,0,0,0,0,0,1,0,0,0,1,0,0,0,1,1,0,0,0,0,0,0,0,0,Low,0,,
441,3348,2023,Pre-Assessment,0,0,0,0,0,1,2,0,0,3,0,0,0,1,1,0,0,0,0,0,1,0,1,Low,0,,
2324,3369,2023,Pre-Assessment,0,1,1,0,0,2,2,0,1,7,1,1,1,1,4,1,0,0,0,0,0,0,1,Moderate,0,,
2910,3370,2023,Pre-Assessment,0,1,2,1,0,1,2,1,0,8,1,1,0,1,3,0,0,0,0,0,1,0,1,Moderate,0,,
2909,3368,2023,Pre-Assessment,0,2,1,0,0,2,2,0,0,7,0,0,0,1,1,0,0,0,0,0,1,1,2,Moderate,0,,
1480,3329,2023,Pre-Assessment,0,2,2,1,0,2,2,1,0,10,1,0,0,0,1,0,0,0,0,0,1,0,1,Moderate,0,,
2708,3386,2023,Pre-Assessment,0,1,1,1,1,2,1,1,0,8,1,1,0,1,3,1,0,0,0,0,2,0,3,Moderate,0,,
1312,3146,2023,Pre-Assessment,0,0,0,0,0,0,0,0,0,0,0,0,0,1,1,2,0,0,0,1,1,0,4,Low,0,,
298,3387,2023,Pre-Assessment,0,2,2,1,0,1,2,0,0,8,1,1,0,0,2,1,0,0,0,0,0,0,1,Moderate,0,,
2917,3384,2023,Pre-Assessment,0,0,1,0,0,1,1,1,0,4,1,1,1,0,3,0,0,0,0,0,0,0,0,Low,0,,
169,3371,2023,Pre-Assessment,0,0,1,0,0,2,2,1,0,6,1,1,0,1,3,1,0,0,1,1,2,0,5,Moderate,0,,
257,3390,2023,Pre-Assessment,0,0,1,0,0,2,2,1,0,6,1,0,1,1,3,1,0,0,0,1,0,0,2,Moderate,0,,
1766,3374,2023,Pre-Assessment,1,2,2,1,0,0,0,1,0,7,1,1,0,1,3,1,0,0,0,0,0,0,1,Moderate,0,,
1421,3415,2023,Pre-Assessment,0,0,1,0,0,0,1,0,0,2,1,0,0,1,2,1,0,0,0,0,2,0,3,Low,0,,
1489,3416,2023,Pre-Assessment,0,1,1,1,0,2,1,0,0,6,0,0,0,1,1,2,0,0,0,1,0,0,3,Moderate,0,,
2939,3447,2023,Pre-Assessment,0,2,2,0,0,0,0,1,0,5,1,1,0,1,3,0,0,0,0,0,1,0,1,Low,0,,
56,3417,2023,Pre-Assessment,0,0,0,0,1,2,2,0,0,5,1,1,1,1,4,0,0,0,0,0,0,0,0,Low,0,,
2860,3470,2023,Pre-Assessment,0,1,1,0,0,2,2,0,0,6,0,0,0,1,1,0,0,0,0,0,0,0,0,Low,0,,
2855,3479,2023,Pre-Assessment,0,2,2,0,0,1,1,1,0,7,1,1,1,1,4,2,0,0,0,0,2,0,4,Moderate,0,,
1132,3487,2023,Pre-Assessment,0,1,1,0,0,1,2,1,0,6,1,0,1,1,3,0,0,0,1,0,1,0,2,Moderate,0,,
1474,3409,2023,Pre-Assessment,0,0,1,0,0,1,2,0,0,4,0,0,1,1,2,0,0,0,0,0,1,0,1,Low,0,,
2807,3524,2023,Pre-Assessment,0,0,1,0,0,0,0,1,0,2,1,1,1,1,4,0,0,0,0,0,2,0,2,Low,0,,
2965,3526,2023,Pre-Assessment,0,1,1,0,0,0,0,0,0,2,1,1,0,1,3,0,0,0,0,0,1,0,1,Low,0,,
2978,3548,2023,Pre-Assessment,0,1,2,1,1,2,2,1,1,11,1,0,1,1,3,0,0,0,0,0,0,0,0,Moderate,0,,
735,3550,2023,Pre-Assessment,0,1,2,1,0,2,2,1,0,9,1,0,1,1,3,1,0,0,0,0,1,0,2,Moderate,0,,
2933,3432,2023,Pre-Assessment,1,1,1,0,1,1,2,1,0,8,1,0,0,1,2,0,0,0,1,0,1,1,3,Moderate,0,,
2973,3538,2023,Pre-Assessment,0,1,1,0,1,1,2,1,0,7,0,0,1,1,2,0,0,0,1,0,1,1,3,Moderate,0,,
2254,3510,2023,Pre-Assessment,0,2,2,1,0,0,0,1,0,6,1,1,0,1,3,0,0,0,0,0,1,0,1,Moderate,0,,
2967,3528,2023,Pre-Assessment,0,0,0,0,0,2,2,1,1,6,1,1,0,1,3,1,0,0,0,0,1,0,2,Moderate,0,,
262,3278,2023,Pre-Assessment,0,2,2,1,0,2,2,1,1,11,1,0,0,1,2,0,0,0,1,0,1,0,2,Moderate,0,,
1003,3483,2023,Pre-Assessment,0,0,0,0,0,0,0,0,0,0,0,0,0,1,1,1,0,0,0,1,1,0,3,Low,0,,
86,3452,2023,Pre-Assessment,0,0,1,0,0,2,2,0,0,5,0,0,0,1,1,1,0,0,0,0,0,0,1,Low,0,,
1100,3013,2023,Interim Assessment,0,0,1,0,0,0,1,1,0,3,1,0,0,1,2,0,0,0,0,0,2,0,2,Low,0,,
56,3627,2023,Pre-Assessment,0,0,1,0,0,2,2,0,0,5,0,1,1,1,3,0,0,0,0,0,1,0,1,Low,0,,
1577,3632,2023,Pre-Assessment,0,2,1,0,1,2,2,1,1,10,1,0,1,1,3,1,0,0,0,0,0,0,1,Moderate,0,,
2958,3498,2023,Interim Assessment,0,1,1,0,0,1,1,0,0,4,1,1,1,0,3,0,0,0,0,0,0,0,0,Low,0,,
792,3459,2023,Pre-Assessment,0,1,2,0,0,2,2,1,0,8,1,0,1,1,3,0,0,0,0,0,0,0,0,Moderate,0,,
2960,3504,2023,Pre-Assessment,0,1,2,1,0,1,2,1,0,8,1,1,1,1,4,0,0,0,1,0,1,0,2,Moderate,0,,
1101,3714,2023,Pre-Assessment,0,0,1,0,0,2,2,1,0,6,1,0,1,1,3,1,0,0,0,0,2,0,3,Moderate,0,,
1915,3519,2023,Pre-Assessment,0,1,2,0,0,2,2,0,0,7,1,0,0,1,2,1,1,0,0,1,1,0,4,Moderate,0,,
3030,3675,2023,Interim Assessment,0,2,2,1,1,1,2,0,0,9,1,0,1,1,3,0,0,0,0,0,0,0,0,Moderate,0,,
176,3736,2023,Pre-Assessment,0,0,0,0,0,1,2,0,1,4,0,0,0,1,1,1,0,0,0,0,1,1,3,Low,0,,
852,3543,2023,Interim Assessment,0,1,2,1,0,1,2,0,0,7,1,0,0,1,2,0,0,0,0,0,1,0,1,Moderate,0,,
547,3689,2023,Interim Assessment,0,1,1,1,1,1,1,0,0,6,1,0,0,1,2,0,0,0,0,0,0,0,0,Low,0,,
3058,3735,2023,Pre-Assessment,0,1,2,0,1,1,1,0,0,6,1,0,0,1,2,0,0,0,0,0,0,0,0,Low,0,,
1626,3506,2023,Pre-Assessment,0,0,0,0,1,0,0,0,0,1,0,0,0,1,1,1,0,0,0,0,0,2,3,Low,0,,
1071,3478,2023,Interim Assessment,0,1,2,1,0,1,2,0,0,7,1,0,0,1,2,0,0,0,0,0,0,0,0,Low,0,,
3070,3765,2023,Pre-Assessment,0,0,1,0,1,1,2,1,0,6,1,1,0,1,3,0,0,0,0,0,1,0,1,Moderate,0,,
804,3518,2023,Pre-Assessment,0,0,1,0,0,2,2,0,0,5,0,1,0,1,2,0,0,0,0,1,0,0,1,Low,0,,
3067,3757,2023,Pre-Assessment,0,2,1,0,0,0,0,1,0,4,1,1,0,1,3,1,0,0,0,0,2,0,3,Moderate,0,,
3074,3779,2023,Pre-Assessment,0,2,2,1,0,1,2,1,0,9,1,0,1,1,3,1,0,0,0,0,0,1,2,Moderate,0,,
3077,3783,2023,Pre-Assessment,0,2,2,0,1,2,2,1,0,10,1,1,0,0,2,1,0,0,0,0,2,0,3,Moderate,0,,
1407,3793,2023,Pre-Assessment,0,0,1,0,1,1,2,1,0,6,0,0,0,0,0,0,0,0,0,0,0,1,1,Low,0,,
3075,3780,2023,Pre-Assessment,0,2,1,0,1,1,0,0,0,5,1,0,1,1,3,1,0,0,1,0,0,1,3,Moderate,0,,
3081,3803,2023,Pre-Assessment,1,0,0,0,1,1,1,1,1,6,1,0,0,1,2,1,0,1,0,0,1,1,4,Moderate,0,,
80,3839,2023,Pre-Assessment,0,2,1,0,0,2,2,1,1,9,1,1,1,1,4,0,0,0,0,0,2,0,2,Moderate,0,,
38,3823,2023,Pre-Assessment,0,0,1,1,0,2,2,1,0,7,1,0,0,1,2,0,0,0,0,0,1,1,2,Moderate,0,,
1049,3835,2023,Pre-Assessment,0,0,1,0,0,2,2,1,1,7,1,0,0,1,2,2,0,0,0,0,2,0,4,Moderate,0,,
3085,3810,2023,Pre-Assessment,0,0,1,0,1,1,1,1,0,5,1,1,1,1,4,2,0,0,1,0,0,0,3,Moderate,0,,
3083,3805,2023,Pre-Assessment,0,0,0,0,0,0,0,0,0,0,0,0,0,1,1,0,0,0,0,0,0,0,0,Low,0,,
780,3560,2023,Pre-Assessment,0,0,0,0,0,0,0,0,0,0,1,0,0,1,2,0,0,0,0,0,0,0,0,Low,0,,
297,3851,2024,Interim Assessment,0,0,0,0,0,0,0,0,0,0,0,0,0,1,1,0,0,0,0,0,0,0,0,Low,0,,
3010,3624,2024,Pre-Assessment,0,0,1,1,0,0,2,0,0,4,1,0,0,0,1,1,0,1,1,0,0,0,3,Low,0,,
1089,3502,2024,Interim Assessment,0,0,2,1,1,2,2,1,0,9,1,0,0,0,1,1,0,0,0,0,0,0,1,Moderate,0,,
1955,2727,2024,Interim Assessment,0,2,2,1,1,2,2,1,1,12,1,1,1,1,4,1,0,1,0,0,0,2,4,High,0,,
651,3142,2024,Pre-Assessment,0,0,0,0,1,0,1,1,0,3,0,1,1,0,2,1,0,0,0,0,0,0,1,Low,0,,
2797,3840,2023,Pre-Assessment,0,1,2,1,0,0,2,1,0,7,1,0,0,1,2,1,0,0,0,0,2,0,3,Moderate,0,,
3107,3866,2024,Pre-Assessment,0,1,1,0,0,1,1,0,0,4,1,0,1,1,3,1,1,0,1,0,0,0,3,Moderate,0,,
3113,3876,2024,Pre-Assessment,0,0,2,1,0,1,2,0,0,6,1,0,0,1,2,1,0,0,0,0,0,0,1,Low,0,,
3125,3904,2024,Pre-Assessment,1,0,0,0,0,1,0,0,0,2,0,0,0,1,1,0,0,0,0,0,0,1,1,Low,0,,
1240,3790,2023,Pre-Assessment,0,2,2,1,1,2,1,0,0,9,1,0,1,1,3,0,0,0,2,0,1,1,4,High,0,,
1057,3429,2023,Pre-Assessment,0,0,1,0,0,2,2,1,0,6,1,1,1,1,4,1,0,1,1,0,1,1,5,Moderate,0,,
2716,3827,2023,Pre-Assessment,0,0,1,0,0,0,0,0,0,1,0,0,0,1,1,1,0,0,1,0,1,0,3,Low,0,,
231,3655,2024,Pre-Assessment,0,0,0,0,0,1,0,1,0,2,0,0,1,1,2,1,0,1,1,0,1,1,5,Low,0,,
1544,3435,2023,Pre-Assessment,0,0,0,0,0,1,1,0,0,2,0,0,0,1,1,1,0,0,1,0,1,0,3,Low,0,,
1425,3648,2023,Pre-Assessment,0,0,0,0,0,0,0,0,0,0,0,0,0,1,1,0,0,0,0,0,0,0,0,Low,0,,
1572,3649,2023,Pre-Assessment,0,0,0,0,0,0,0,1,0,1,0,1,1,1,3,1,0,0,1,0,1,1,4,Low,0,,
1296,3912,2024,Pre-Assessment,0,0,0,0,0,0,0,0,0,0,0,1,0,1,2,0,0,0,0,0,1,0,1,Low,0,,
1312,3913,2024,Pre-Assessment,0,0,0,0,0,2,2,0,0,4,0,0,0,0,0,1,1,0,0,0,0,0,2,Low,0,,
640,3894,2024,Pre-Assessment,0,0,2,0,1,2,2,0,0,7,1,1,0,1,3,0,0,0,0,0,2,0,2,Moderate,0,,
2682,3901,2024,Pre-Assessment,0,0,1,0,0,2,2,1,1,7,0,1,1,1,3,1,0,0,1,0,1,0,3,Moderate,0,,
3123,3900,2024,Pre-Assessment,0,0,1,1,1,2,2,1,1,9,1,1,1,1,4,0,0,1,0,0,0,0,1,Moderate,0,,
3127,3906,2024,Pre-Assessment,0,0,1,0,0,2,2,0,0,5,0,1,1,1,3,0,0,0,0,0,0,0,0,Low,0,,
3139,3946,2024,Pre-Assessment,0,2,2,0,0,0,0,0,0,4,1,1,0,1,3,0,0,0,0,0,1,1,2,Low,0,,
3137,3940,2024,Pre-Assessment,0,0,1,0,0,1,1,0,0,3,0,0,0,1,1,0,0,0,0,0,0,0,0,Low,0,,
3106,3881,2024,Pre-Assessment,0,0,0,0,1,1,2,0,0,4,0,0,0,1,1,1,0,0,1,0,1,1,4,Low,0,,
3144,3956,2024,Pre-Assessment,0,0,1,1,1,1,2,0,0,6,1,1,0,1,3,0,0,0,1,0,0,0,1,Moderate,0,,
2338,3923,2024,Pre-Assessment,0,0,0,0,0,0,0,0,0,0,0,0,0,1,1,0,0,0,0,0,0,0,0,Low,0,,
3152,3975,2024,Pre-Assessment,0,2,1,0,0,2,2,0,0,7,1,1,1,1,4,0,0,0,0,0,0,1,1,Moderate,0,,
3064,3958,2024,Pre-Assessment,0,0,1,1,0,2,2,0,0,6,1,1,0,1,3,0,0,0,0,0,1,0,1,Moderate,0,,
2853,3647,2024,Pre-Assessment,0,0,0,0,0,0,0,1,0,1,0,0,0,1,1,1,0,0,1,0,1,1,4,Low,0,,
621,3762,2024,Pre-Assessment,0,0,0,0,0,2,2,0,0,4,1,0,1,0,2,1,0,0,1,0,1,1,4,Moderate,0,,
2961,3508,2024,Pre-Assessment,0,1,2,1,0,2,2,1,0,9,1,1,1,1,4,2,0,1,1,1,2,1,8,High,0,,
258,3999,2024,Pre-Assessment,0,0,1,0,0,1,2,0,0,4,0,0,0,1,1,2,0,0,1,0,0,0,3,Low,0,,
1601,3979,2024,Pre-Assessment,0,0,0,0,0,0,0,0,0,0,0,0,0,1,1,0,0,0,0,0,0,2,2,Low,0,,
1057,3922,2024,Pre-Assessment,0,1,2,1,0,1,2,1,0,8,1,0,0,1,2,1,1,0,1,0,1,0,4,Moderate,0,,
1340,3685,2023,Pre-Assessment,0,0,0,0,0,1,1,1,0,3,0,0,0,1,1,0,0,0,0,0,1,1,2,Low,0,,
1565,3990,2024,Pre-Assessment,0,2,2,1,0,2,2,1,0,10,1,0,0,1,2,2,0,0,1,0,2,0,5,High,0,,
3138,3945,2024,Pre-Assessment,0,0,1,0,0,1,2,0,0,4,1,1,0,1,3,1,0,0,0,0,0,0,1,Low,0,,
3153,3977,2024,Pre-Assessment,0,2,2,0,0,1,2,1,0,8,0,0,0,1,1,1,0,0,0,0,1,0,2,Moderate,0,,
90,3926,2024,Pre-Assessment,0,0,1,0,0,1,1,0,0,3,0,0,0,1,1,0,0,0,0,0,0,1,1,Low,0,,
956,3914,2024,Pre-Assessment,0,0,0,0,0,1,2,0,0,3,0,1,1,1,3,1,0,0,0,0,0,0,1,Low,0,,
38,4045,2024,Pre-Assessment,0,2,2,1,0,2,2,1,0,10,1,1,0,1,3,0,0,0,0,0,1,0,1,Moderate,0,,
3166,4020,2024,Pre-Assessment,0,0,0,0,0,0,0,0,0,0,1,1,1,1,4,0,0,0,0,0,1,0,1,Low,0,,
2362,4049,2024,Pre-Assessment,0,0,0,0,0,1,2,0,0,3,0,1,0,1,2,0,0,0,0,0,0,0,0,Low,0,,
912,3707,2024,Pre-Assessment,0,1,2,0,0,2,2,1,0,8,1,0,1,1,3,0,0,0,0,0,0,0,0,Moderate,0,,
380,4063,2024,Pre-Assessment,0,2,1,1,0,1,2,0,0,7,0,0,1,1,2,0,0,0,0,0,0,0,0,Low,0,,
500,4066,2024,Pre-Assessment,0,0,1,0,0,0,2,0,0,3,1,1,0,1,3,0,0,0,0,0,2,0,2,Low,0,,
3177,4044,2024,Pre-Assessment,0,2,1,1,0,0,1,1,0,6,1,1,0,1,3,0,0,0,0,0,1,0,1,Moderate,0,,
854,4076,2024,Pre-Assessment,0,0,1,0,0,1,1,0,0,3,0,0,0,1,1,0,0,0,0,0,0,0,0,Low,0,,
2126,4037,2024,Pre-Assessment,0,0,2,0,1,1,2,0,0,6,0,0,1,1,2,0,0,0,0,0,0,0,0,Low,0,,
3189,4080,2024,Pre-Assessment,0,1,2,1,1,2,2,1,0,10,1,1,0,1,3,0,0,0,0,0,1,0,1,Moderate,0,,
3161,3992,2024,Pre-Assessment,0,0,1,0,0,2,2,0,0,5,1,1,1,1,4,0,0,0,0,0,0,0,0,Low,0,,
2621,3718,2024,Pre-Assessment,0,0,0,0,1,1,2,0,0,4,1,0,0,1,2,0,0,0,1,0,1,0,2,Low,0,,
3196,4093,2024,Pre-Assessment,0,2,2,0,0,2,2,1,1,10,0,1,1,1,3,0,0,0,0,0,1,1,2,Moderate,0,,
104,4127,2024,Pre-Assessment,0,2,2,0,0,1,2,1,0,8,1,1,0,1,3,0,0,0,0,0,0,0,0,Moderate,0,,
349,4047,2024,Interim Assessment,0,0,1,0,0,2,2,0,0,5,1,1,0,1,3,0,0,0,1,0,0,0,1,Low,0,,
430,3784,2024,Pre-Assessment,0,0,2,1,0,2,2,1,0,8,1,0,1,1,3,2,0,0,0,0,1,1,4,Moderate,0,,
2154,4081,2024,Pre-Assessment,0,1,1,0,0,1,1,1,0,5,1,0,0,1,2,1,0,0,0,0,2,0,3,Moderate,0,,
718,4024,2024,Pre-Assessment,0,2,1,0,0,2,2,1,0,8,1,0,1,1,3,2,0,0,0,0,0,1,3,Moderate,0,,
3004,3602,2024,Pre-Assessment,0,1,2,0,0,1,0,1,0,5,1,0,0,1,2,2,0,0,1,0,2,2,7,Moderate,0,,
3184,4060,2024,Interim Assessment,0,1,1,0,1,1,1,0,0,5,1,1,1,1,4,0,0,0,1,0,1,0,2,Moderate,0,,
3171,4033,2024,Interim Assessment,0,0,2,1,0,2,2,1,0,8,1,1,0,1,3,1,0,0,2,0,0,2,5,High,0,,
3100,3856,2024,Interim Assessment,0,2,1,0,1,2,2,1,0,9,0,0,1,1,2,0,0,0,0,0,0,0,0,Moderate,0,,
2974,3539,2024,Interim Assessment,0,0,1,0,0,1,1,0,0,3,0,0,0,0,0,1,0,0,2,0,2,2,7,Moderate,0,,
623,3318,2024,Interim Assessment,0,0,1,1,1,2,2,1,0,8,1,1,0,0,2,2,0,0,1,0,2,1,6,High,0,,
53,4154,2024,Pre-Assessment,0,1,2,0,0,2,2,1,0,8,1,1,0,1,3,1,0,0,0,0,1,0,2,Moderate,0,,
2885,3872,2024,Pre-Assessment,0,1,1,0,0,2,2,1,0,7,1,1,0,1,3,0,0,1,0,1,1,2,5,Moderate,0,,
1017,4175,2024,Pre-Assessment,0,0,0,0,0,0,1,0,0,1,0,0,1,1,2,1,0,0,0,0,2,0,3,Low,0,,
3240,4189,2024,Pre-Assessment,0,1,1,0,0,2,2,1,1,8,0,0,0,1,1,0,0,0,0,0,2,0,2,Moderate,0,,
19,4162,2024,Pre-Assessment,0,0,1,0,0,1,2,1,0,5,1,0,1,1,3,0,0,0,1,0,0,0,1,Low,0,,
1537,4190,2024,Pre-Assessment,0,0,1,0,0,0,0,0,0,1,1,1,1,1,4,1,0,0,0,0,0,0,1,Low,0,,
3245,4203,2024,Pre-Assessment,0,1,2,0,0,0,0,1,0,4,1,0,0,1,2,0,0,0,0,0,1,0,1,Low,0,,
3247,4206,2024,Pre-Assessment,0,0,1,1,0,1,2,1,0,6,1,1,0,1,3,0,0,0,1,0,0,0,1,Moderate,0,,
1303,4204,2024,Pre-Assessment,0,0,0,0,0,0,0,0,0,0,0,1,0,0,1,0,0,0,0,0,1,0,1,Low,0,,
373,4193,2024,Interim Assessment,0,0,1,1,0,2,2,0,1,7,1,0,1,1,3,1,0,0,0,0,0,0,1,Moderate,0,,
3052,3712,2024,Interim Assessment,0,0,1,0,0,1,2,1,0,5,1,1,1,1,4,1,0,0,0,0,1,0,2,Moderate,0,,
1840,4246,2024,Pre-Assessment,0,0,1,0,0,1,2,0,0,4,1,1,0,1,3,2,0,0,2,1,2,0,7,Moderate,0,,
383,4003,2024,Pre-Assessment,0,1,2,0,0,1,2,1,0,7,0,0,0,1,1,2,0,0,1,1,1,1,6,Moderate,0,,
